PDBCode,protID,lig_name,_merge
10gs,P09211,VWW,left_only
5j41,P09211,2-mer,left_only
1a1e,P12931,4-mer,left_only
1a28,P06401,STR,left_only
1sr7,P06401,MOF,left_only
2w8y,P06401,486,left_only
1a30,P04585,3-mer,left_only
1bv7,P04585,XV6,left_only
1bv9,P04585,XV6,left_only
1bwa,P04585,XV6,left_only
1bwb,P04585,146,left_only
1hvh,P04585,Q82,left_only
1hwr,P04585,216,left_only
3t1a,P04585,5MA,left_only
4q1w,P04585,017,left_only
4q1x,P04585,017,left_only
4q1y,P04585,017,left_only
1a4r,P60953,GNH,left_only
1a69,P0ABP8,FMB,left_only
1k9s,P0ABP8,FM2,left_only
1a94,P03367,0Q4,left_only
1d4y,P03367,TPV,left_only
1iiq,P03367,0ZR,left_only
1izi,P03367,Q50,left_only
1lzq,P03367,0ZQ,left_only
1m0b,P03367,0ZQ,left_only
1mrw,P03367,K57,left_only
1mrx,P03367,K57,left_only
1msm,P03367,JE2,left_only
1msn,P03367,JE2,left_only
1nh0,P03367,5-mer,left_only
1sdt,P03367,MK1,left_only
1sdu,P03367,MK1,left_only
1sdv,P03367,MK1,left_only
1sgu,P03367,MK1,left_only
1sh9,P03367,RIT,left_only
2pqz,P03367,G0G,left_only
2pwc,P03367,G3G,left_only
2pwr,P03367,G4G,left_only
2pym,P03367,1UN,left_only
2pyn,P03367,1UN,left_only
2q63,P03367,1UN,left_only
2q64,P03367,1UN,left_only
2qci,P03367,065,left_only
2qd6,P03367,065,left_only
2qd7,P03367,065,left_only
2qd8,P03367,065,left_only
2qnn,P03367,QN1,left_only
2qnp,P03367,QN2,left_only
2qnq,P03367,QN3,left_only
2r43,P03367,G3G,left_only
2z4o,P03367,065,left_only
3a2o,P03367,KNJ,left_only
3bva,P03367,2NC,left_only
3bvb,P03367,017,left_only
3djk,P03367,G55,left_only
3dk1,P03367,G05,left_only
3ggu,P03367,017,left_only
3h5b,P03367,031,left_only
3i6o,P03367,GR6,left_only
3kdb,P03367,006,left_only
3kdc,P03367,JZP,left_only
3kdd,P03367,JZQ,left_only
3pwm,P03367,017,left_only
3st5,P03367,G89,left_only
3t3c,P03367,017,left_only
3ttp,P03367,017,left_only
4hdf,P03367,G52,left_only
4heg,P03367,G52,left_only
4hla,P03367,017,left_only
1a99,P31133,PUT,left_only
1a9m,P03366,U0E,left_only
1d4h,P03366,BEH,left_only
1d4i,P03366,BEG,left_only
1d4j,P03366,MSC,left_only
1ebw,P03366,BEI,left_only
1eby,P03366,BEB,left_only
1ebz,P03366,BEC,left_only
1ec0,P03366,BED,left_only
1ec1,P03366,BEE,left_only
1ec2,P03366,BEJ,left_only
1ec3,P03366,MS3,left_only
1g35,P03366,AHF,left_only
1mes,P03366,DMP,left_only
1met,P03366,DMP,left_only
1w5v,P03366,BE3,left_only
1w5w,P03366,BE4,left_only
1w5x,P03366,BE5,left_only
1w5y,P03366,BE6,left_only
1zpa,P03366,A83,left_only
1zsf,P03366,0ZS,left_only
2aqu,P03366,DR7,left_only
2uxz,P03366,HI1,left_only
2uy0,P03366,HV1,left_only
3nu3,P03366,478,left_only
3nu4,P03366,478,left_only
3nu5,P03366,478,left_only
3nu6,P03366,478,left_only
3nu9,P03366,478,left_only
3nuj,P03366,478,left_only
3nuo,P03366,478,left_only
3ok9,P03366,G52,left_only
3qaa,P03366,G04,left_only
3zps,P03366,EQM,left_only
3zpu,P03366,M8B,left_only
4cp7,P03366,9MW,left_only
4cpr,P03366,378,left_only
4cps,P03366,1T8,left_only
4cpt,P03366,1T8,left_only
4cpw,P03366,V78,left_only
5jfu,P03366,6KQ,left_only
6prf,P03366,7OA,left_only
1a9q,P55859,HPA,left_only
1b8n,P55859,IMG,left_only
1b8o,P55859,IMH,left_only
1afk,P61823,PAP,left_only
1afl,P61823,ATR,left_only
1jn4,P61823,139,left_only
1jvu,P61823,C2P,left_only
1o0f,P61823,A3P,left_only
1o0h,P61823,ADP,left_only
1o0m,P61823,U2P,left_only
1o0n,P61823,U3P,left_only
1qhc,P61823,PUA,left_only
1u1b,P61823,PAX,left_only
1w4o,P61823,UA3,left_only
1w4p,P61823,UM3,left_only
1w4q,P61823,UMF,left_only
1z6s,P61823,AMP,left_only
2w5g,P61823,ATP,left_only
2xog,P61823,SFB,left_only
3d6o,P61823,U1S,left_only
3d6p,P61823,U2S,left_only
3d8z,P61823,TXS,left_only
4g8v,P61823,0EY,left_only
4g8y,P61823,0FT,left_only
4g90,P61823,0G0,left_only
4rsk,P61823,U3P,left_only
6pvw,P61823,OZV,left_only
6pvv,P61823,5FA,left_only
1amw,P02829,ADP,left_only
1bgq,P02829,RDC,left_only
2cgf,P02829,P2N,left_only
2fxs,P02829,RDA,left_only
2iwx,P02829,M1S,left_only
2vw5,P02829,BC6,left_only
2vwc,P02829,BC2,left_only
2weq,P02829,GDM,left_only
2wer,P02829,RDC,left_only
2yge,P02829,GDM,left_only
2ygf,P02829,GDM,left_only
1b05,P06202,3-mer,left_only
1b0h,P06202,3-mer,left_only
1b1h,P06202,3-mer,left_only
1b2h,P06202,3-mer,left_only
1b32,P06202,3-mer,left_only
1b3f,P06202,3-mer,left_only
1b3g,P06202,3-mer,left_only
1b3h,P06202,3-mer,left_only
1b3l,P06202,3-mer,left_only
1b40,P06202,3-mer,left_only
1b46,P06202,3-mer,left_only
1b4h,P06202,3-mer,left_only
1b4z,P06202,3-mer,left_only
1b51,P06202,3-mer,left_only
1b52,P06202,3-mer,left_only
1b58,P06202,3-mer,left_only
1b5h,P06202,3-mer,left_only
1b5i,P06202,3-mer,left_only
1b5j,P06202,3-mer,left_only
1b6h,P06202,3-mer,left_only
1b7h,P06202,3-mer,left_only
1b9j,P06202,3-mer,left_only
1qka,P06202,3-mer,left_only
1qkb,P06202,3-mer,left_only
1e1v,P24941,CMG,left_only
1e1x,P24941,NW1,left_only
1jsv,P24941,U55,left_only
1pxn,P24941,CK6,left_only
1pxo,P24941,CK7,left_only
1pxp,P24941,CK8,left_only
2exm,P24941,ZIP,left_only
2fvd,P24941,LIA,left_only
2xmy,P24941,CDK,left_only
2xnb,P24941,Y8L,left_only
5jq5,P24941,I74,left_only
6guh,P24941,FB8,left_only
6guk,P24941,FC8,left_only
6q4g,P24941,HJK,left_only
6q4e,P24941,HH5,left_only
6nfh,Q06187,KLM,left_only
1b6j,P03369,5-mer,left_only
1b6k,P03369,PI5,left_only
1b6l,P03369,PI4,left_only
1d4k,P03369,PI8,left_only
1d4l,P03369,PI9,left_only
1kzk,P03369,JE2,left_only
1z1h,P03369,HBB,left_only
2fgu,P03369,5-mer,left_only
2fgv,P03369,5-mer,left_only
2qhy,P03369,MZ1,left_only
2qhz,P03369,MZ2,left_only
2qi0,P03369,MZ3,left_only
2qi1,P03369,MZ4,left_only
2qi3,P03369,MZ5,left_only
2qi4,P03369,MZ6,left_only
2qi5,P03369,MZ7,left_only
2qi6,P03369,MZ8,left_only
2qi7,P03369,MZ9,left_only
3ekp,P03369,478,left_only
3ekt,P03369,017,left_only
3ekv,P03369,478,left_only
3ekw,P03369,DR7,left_only
3ekx,P03369,1UN,left_only
3el1,P03369,DR7,left_only
3el4,P03369,ROC,left_only
3el5,P03369,1UN,left_only
3el9,P03369,DR7,left_only
3gi4,P03369,K60,left_only
3gi5,P03369,K62,left_only
3gi6,P03369,D78,left_only
3i7e,P03369,DJR,left_only
3mxd,P03369,K53,left_only
3mxe,P03369,K54,left_only
3o9i,P03369,A61,left_only
1bdq,P04587,IM1,left_only
1g2k,P04587,NM1,left_only
2aoc,P04587,2NC,left_only
2aod,P04587,2NC,left_only
2aoe,P04587,0Q4,left_only
2aog,P04587,2NC,left_only
2avm,P04587,2NC,left_only
2avq,P04587,2NC,left_only
2avs,P04587,MK1,left_only
2bpv,P04587,1IN,left_only
2bpy,P04587,3IN,left_only
2f80,P04587,017,left_only
2f81,P04587,017,left_only
2f8g,P04587,017,left_only
2r38,P04587,G4G,left_only
2r3t,P04587,G4G,left_only
2r3w,P04587,G3G,left_only
3bgb,P04587,LJG,left_only
3bgc,P04587,LJH,left_only
3cyw,P04587,017,left_only
3cyx,P04587,ROC,left_only
3d1x,P04587,ROC,left_only
3d1y,P04587,ROC,left_only
3d1z,P04587,017,left_only
1bhf,P06239,5-mer,left_only
1bhx,P00734,R56,left_only
3bv9,P00734,6-mer,left_only
3da9,P00734,44U,left_only
1bm7,P02766,FLF,left_only
1e4h,P02766,PBR,left_only
2b9a,P02766,FBC,left_only
2f7i,P02766,26C,left_only
2g5u,P02766,PCQ,left_only
3cfn,P02766,2AN,left_only
3cft,P02766,5NS,left_only
3kgt,P02766,GEN,left_only
3kgu,P02766,GEN,left_only
3nee,P02766,B72,left_only
3neo,P02766,G24,left_only
3nes,P02766,B72,left_only
3nex,P02766,G24,left_only
3p3r,P02766,3M1,left_only
3p3s,P02766,3M2,left_only
3p3t,P02766,3M3,left_only
4d7b,P02766,TCW,left_only
4der,P02766,AGI,left_only
4des,P02766,57D,left_only
4det,P02766,KMP,left_only
4deu,P02766,NAR,left_only
4dew,P02766,LU2,left_only
5ayt,P02766,L6Y,left_only
5l4j,P02766,6JD,left_only
5u49,P02766,S2L,left_only
5u4b,P02766,XOS,left_only
5u4d,P02766,XLO,left_only
1bp0,P00469,UMP,left_only
1jmf,P00469,UMP,left_only
1jmg,P00469,UMP,left_only
1bq4,P00950,BHC,left_only
1br6,P02879,PT1,left_only
1bxo,P00798,PP7,left_only
1bxq,P00798,PP8,left_only
2web,P00798,PP4,left_only
2wec,P00798,PP5,left_only
2wed,P00798,PP6,left_only
1bzc,P18031,TPI,left_only
1bzj,P18031,PIC,left_only
1c83,P18031,OAI,left_only
1c84,P18031,761,left_only
1c86,P18031,OPA,left_only
1c87,P18031,OPA,left_only
1c88,P18031,OTA,left_only
1ecv,P18031,878,left_only
1g7f,P18031,INZ,left_only
1g7g,P18031,INX,left_only
1gfy,P18031,COL,left_only
1kav,P18031,FEP,left_only
1l8g,P18031,DBD,left_only
1nl9,P18031,989,left_only
1nny,P18031,515,left_only
1no6,P18031,794,left_only
1nwl,P18031,964,left_only
1nz7,P18031,901,left_only
1ony,P18031,588,left_only
1onz,P18031,968,left_only
1pyn,P18031,941,left_only
1qxk,P18031,429,left_only
1xbo,P18031,IX1,left_only
2azr,P18031,982,left_only
2b07,P18031,598,left_only
2f6t,P18031,1C2,left_only
2h4g,P18031,694,left_only
2h4k,P18031,509,left_only
2hb1,P18031,512,left_only
2nt7,P18031,902,left_only
2nta,P18031,521,left_only
2qbp,P18031,527,left_only
2qbq,P18031,4B3,left_only
2qbr,P18031,910,left_only
2qbs,P18031,024,left_only
2zmm,P18031,35B,left_only
2zn7,P18031,410,left_only
3eax,P18031,LZP,left_only
3eb1,P18031,LZQ,left_only
4i8n,P18031,1CG,left_only
5k9w,P18031,OTA,left_only
5ka1,P18031,OTA,left_only
5ka7,P18031,OTA,left_only
5ka9,P18031,OTA,left_only
5kab,P18031,OTA,left_only
5kad,P18031,OTA,left_only
5t19,P18031,73U,left_only
1c5x,P00749,ESI,left_only
1c5y,P00749,ESP,left_only
1ejn,P00749,AGB,left_only
1f5k,P00749,BAM,left_only
1f5l,P00749,AMR,left_only
1gi7,P00749,120,left_only
1gjc,P00749,130,left_only
1o5a,P00749,696,left_only
1o5c,P00749,CR9,left_only
1owe,P00749,675,left_only
1owh,P00749,239,left_only
1sqa,P00749,UI1,left_only
1sqo,P00749,UI2,left_only
1sqt,P00749,UI3,left_only
1w0z,P00749,SI1,left_only
1w11,P00749,SK1,left_only
1w13,P00749,SM1,left_only
2r2w,P00749,4PG,left_only
2vnt,P00749,QGG,left_only
3kgp,P00749,4AZ,left_only
3mhw,P00749,ABV,left_only
4h42,P00749,11E,left_only
5za7,P00749,HMX,left_only
5za8,P00749,27I,left_only
5za9,P00749,50I,left_only
5zae,P00749,EAU,left_only
5zaf,P00749,28I,left_only
5zag,P00749,94I,left_only
5zaj,P00749,32I,left_only
5zc5,P00749,09I,left_only
6nmb,P00749,AMH,left_only
1c70,O92103,L75,left_only
1cet,Q27743,CLQ,left_only
1d2e,P49410,GDP,left_only
1d7i,P62942,DSS,left_only
1d7j,P62942,BUQ,left_only
1j4r,P62942,001,left_only
1df8,P22629,BTN,left_only
1swg,P22629,BTN,left_only
1swr,P22629,BTN,left_only
2izl,P22629,IMI,left_only
3rdo,P22629,BTN,left_only
3rdq,P22629,DTB,left_only
3wzn,P22629,BTN,left_only
3x00,P22629,ZOF,left_only
4y59,P22629,T21,left_only
4y5d,P22629,MT6,left_only
5b5f,P22629,6F3,left_only
5b5g,P22629,6FX,left_only
5n99,P22629,5-mer,left_only
1duv,P04391,PSQ,left_only
1dzk,P81245,PRZ,left_only
1e2k,P0DTH5,TMC,left_only
1e2l,P0DTH5,TMC,left_only
1e3g,P10275,R18,left_only
1xow,P10275,R18,left_only
1z95,P10275,198,left_only
2ax9,P10275,BHM,left_only
3b5r,P10275,B5R,left_only
3b65,P10275,3B6,left_only
3b66,P10275,B66,left_only
3b67,P10275,B67,left_only
3b68,P10275,B68,left_only
5cj6,P10275,51Y,left_only
1e3v,P07445,DXC,left_only
1ogx,P07445,EQU,left_only
5g2g,P07445,EQU,left_only
1ocq,O85465,IFM-BGC,left_only
1w3k,O85465,BGC-OXZ,left_only
1w3l,O85465,3-mer,left_only
8a3h,O85465,IDC,left_only
1e66,P04058,HUX,left_only
1gpk,P04058,HUP,left_only
1gpn,P04058,HUB,left_only
1h22,P04058,E10,left_only
1h23,P04058,E12,left_only
3zv7,P04058,NHG,left_only
5bwc,P04058,HBP,left_only
5nap,P04058,DZ7,left_only
5nau,P04058,DZ0,left_only
6euc,P04058,RM0,left_only
1efy,P26446,BZC,left_only
6i8t,P26446,H7Z,left_only
6i8m,P26446,H7W,left_only
1egh,P0A731,PGA,left_only
1ik4,P0A731,PGH,left_only
1s89,P0A731,PGA,left_only
1ex8,P26281,A4P,left_only
4f7v,P26281,J1D,left_only
1ez9,P0AEX9,4-mer,left_only
1z6e,P00742,IK8,left_only
2bok,P00742,784,left_only
2j2u,P00742,GSQ,left_only
2p95,P00742,ME5,left_only
2ra0,P00742,JNJ,left_only
2uwl,P00742,895,left_only
2uwo,P00742,701,left_only
2vh6,P00742,GSV,left_only
2vwm,P00742,LZI,left_only
2wyg,P00742,461,left_only
2wyj,P00742,898,left_only
2y5f,P00742,XWG,left_only
2y5g,P00742,FJD,left_only
2y5h,P00742,Y5H,left_only
3ffg,P00742,FFG,left_only
3m36,P00742,M35,left_only
1f4e,P0A884,TPR,left_only
1f4f,P0A884,TP3,left_only
1f4g,P0A884,TP4,left_only
1f73,P44539,HMN,left_only
1f74,P44539,NAY,left_only
1fao,Q9UN19,4IP,left_only
1fch,P50542,5-mer,left_only
1fcx,P13631,184,left_only
1fcy,P13631,564,left_only
1fcz,P13631,156,left_only
1fd0,P13631,254,left_only
1fh7,P07986,2-mer,left_only
1fh8,P07986,2-mer,left_only
1fh9,P07986,2-mer,left_only
1fhd,P07986,2-mer,left_only
1j01,P07986,XIL,left_only
1fkn,P56817,7-mer,left_only
1m4h,P56817,7-mer,left_only
2fdp,P56817,FRP,left_only
2g94,P56817,ZPQ,left_only
2p4j,P56817,23I,left_only
2qmg,P56817,SC6,left_only
2vkm,P56817,BSD,left_only
3bra,P56817,AEF,left_only
3buf,P56817,AEG,left_only
3bug,P56817,AEH,left_only
3buh,P56817,AED,left_only
3ckp,P56817,012,left_only
3i25,P56817,MV7,left_only
3kmx,P56817,G00,left_only
3kmy,P56817,D8Y,left_only
3l59,P56817,BDJ,left_only
3lpi,P56817,Z74,left_only
3lpk,P56817,Z76,left_only
3rsx,P56817,RSV,left_only
3ru1,P56817,3RU,left_only
4dju,P56817,0KK,left_only
4djv,P56817,0KM,left_only
4djw,P56817,0KP,left_only
4djx,P56817,0KQ,left_only
4djy,P56817,0KR,left_only
4fs4,P56817,H24,left_only
4fsl,P56817,0VB,left_only
4gid,P56817,0GH,left_only
4h3f,P56817,10O,left_only
4h3g,P56817,10Q,left_only
4h3j,P56817,10W,left_only
4ha5,P56817,13W,left_only
5dqc,P56817,50000000,left_only
5htz,P56817,66J,left_only
5i3v,P56817,68M,left_only
5i3w,P56817,68L,left_only
5i3x,P56817,68J,left_only
5i3y,P56817,68K,left_only
5ie1,P56817,6BS,left_only
5v0n,P56817,8W4,left_only
6ej2,P56817,B7E,left_only
6ej3,P56817,B7T,left_only
6nv9,P56817,L3M,left_only
6nv7,P56817,L3J,left_only
6nw3,P56817,L4J,left_only
1fq5,P07267,0GM,left_only
1p1n,P19491,KAI,left_only
1p1o,P19491,QUS,left_only
1syh,P19491,CPW,left_only
1syi,P19491,CPW,left_only
1wvj,P19491,IBC,left_only
1xhy,P19491,KAI,left_only
2al5,P19491,FWD,left_only
2p2a,P19491,MP9,left_only
3bfu,P19491,R2P,left_only
3pd9,P19491,HA5,left_only
3tza,P19491,TZG,left_only
4g8m,P19491,G8M,left_only
4isu,P19491,IKM,left_only
5cbr,P19491,4ZK,left_only
5cbs,P19491,E42,left_only
5fhn,P19491,5XO,left_only
5fho,P19491,5XN,left_only
5nih,P19491,8VE,left_only
1fv0,P59071,9AR,left_only
1jq8,P59071,5-mer,left_only
1kpm,P59071,VIT,left_only
1q7a,P59071,OPB,left_only
1sv3,P59071,ANN,left_only
2arm,P59071,OIN,left_only
3h1x,P59071,IMN,left_only
4qem,P59071,HC4,left_only
4qer,P59071,STL,left_only
4qf7,P59071,C0R,left_only
4qf8,P59071,SPD,left_only
4qgd,P59071,PZZ,left_only
1fzq,Q9WUL7,GDP,left_only
1g2o,P9WP01,IMH,left_only
1n3i,P9WP01,DIH,left_only
1g74,P04117,OLA,left_only
2ans,P04117,2AN,left_only
2qm9,P04117,TDZ,left_only
3hk1,P04117,B64,left_only
1g7v,P0A715,PAI,left_only
1phw,P0A715,__N,left_only
1g85,P07435,3OL,left_only
1g98,Q9N1E2,PA5,left_only
1koj,Q9N1E2,PAN,left_only
1gvw,P11838,0EM,left_only
1gvx,P11838,6-mer,left_only
2v00,P11838,V15,left_only
3prs,P11838,RIT,left_only
3pww,P11838,ROC,left_only
3uri,P11838,8-mer,left_only
3wz6,P11838,IXZ,left_only
3wz7,P11838,IXY,left_only
3wz8,P11838,IXV,left_only
4y3j,P11838,HIC,left_only
4y3y,P11838,DCL,left_only
4y4j,P11838,LNR,left_only
5hct,P11838,61P,left_only
1gx8,P02754,RTL,left_only
2gj5,P02754,VD3,left_only
3nq3,P02754,DKA,left_only
3nq9,P02754,OCA,left_only
3ueu,P02754,DAO,left_only
3uev,P02754,MYR,left_only
3uew,P02754,PLM,left_only
3uex,P02754,STE,left_only
4gny,P02754,SDS,left_only
6ge7,P02754,EW8,left_only
6gf9,P02754,X90,left_only
6gfs,P02754,F15,left_only
6ghh,P02754,TDA,left_only
6qi7,P02754,PLM,left_only
1gyx,P31992,BEZ,left_only
1gyy,P31992,FHC,left_only
1h0a,O88339,I3P,left_only
1h46,Q7LHI2,RNP,left_only
1h6h,Q15080,PIB,left_only
1hi3,P10153,A2P,left_only
1hi4,P10153,A3P,left_only
1hi5,P10153,ADP,left_only
5e13,P10153,5J9,left_only
1hk4,P02768,T44,left_only
6ezq,P02768,C7K,left_only
1hp5,O85361,NGT,left_only
1jak,O85361,IFG,left_only
5fcz,O85361,TNX,left_only
6s5k,P55055,KWE,left_only
6s4t,P55055,KVB,left_only
6s4n,P55055,KUW,left_only
4rak,P55055,652,left_only
5jy3,P55055,6OX,left_only
1hxw,P12499,RIT,left_only
2wkz,P12499,5AH,left_only
2wl0,P12499,5AH,left_only
2xye,P12499,CXG,left_only
2xyf,P12499,G40,left_only
4ej8,P12499,1F1,left_only
4ejl,P12499,IOP,left_only
3b3x,P00808,A33,left_only
1i37,P15207,DHT,left_only
2ihq,P15207,LG7,left_only
3g0w,P15207,LGB,left_only
1i5r,P14061,HYC,left_only
3hb4,P14061,E2B,left_only
6mnc,P14061,J3Z,left_only
1ie9,P11473,VDX,left_only
1s19,P11473,MC9,left_only
1ii5,P73797,GLU,left_only
1iih,P04789,3PG,left_only
1kv5,P04789,PGA,left_only
2j27,P04789,PGA,left_only
2v2c,P04789,PGA,left_only
2v2h,P04789,PGA,left_only
1ikt,P51659,OXN,left_only
1izh,Q90EB9,Q50,left_only
1jgl,Q7TS98,EST,left_only
1jlr,Q26998,GTP,left_only
1upf,Q26998,URF,left_only
6s57,Q6PL18,KVT,left_only
6s56,Q6PL18,KVZ,left_only
4qsu,Q6PL18,TDR,left_only
4qsv,Q6PL18,THM,left_only
4tt2,Q6PL18,6-mer,left_only
4tte,Q6PL18,36Z,left_only
4tu4,Q6PL18,37N,left_only
4tz2,Q6PL18,39R,left_only
5a5q,Q6PL18,6XC,left_only
5a81,Q6PL18,78J,left_only
1jqy,P32890,A32,left_only
1pzi,P32890,1DM,left_only
1jyq,P62993,4-mer,left_only
3ov1,P62993,5-mer,left_only
3ove,P62993,5-mer,left_only
3s8l,P62993,5-mer,left_only
3s8n,P62993,5-mer,left_only
3s8o,P62993,5-mer,left_only
1jys,P0AF12,ADE,left_only
1nc1,P0AF12,MTH,left_only
1nc3,P0AF12,FMC,left_only
1y6q,P0AF12,TDI,left_only
1y6r,P0AF12,MTM,left_only
4yml,P0AF12,4F0,left_only
1k27,Q13126,MTM,left_only
6dz3,Q13126,OS6,left_only
6dz2,Q13126,OS5,left_only
6dz0,Q13126,OS3,left_only
6dyz,Q13126,OS2,left_only
1k6c,P35963,MK1,left_only
1k6p,P35963,XN3,left_only
1k6t,P35963,XN1,left_only
1k6v,P35963,XN2,left_only
1t7j,P35963,478,left_only
4a6b,P35963,QG8,left_only
4a6c,P35963,QG9,left_only
1kdk,P04278,DHT,left_only
1kjr,P17931,3-mer,left_only
3t1m,P17931,DQT,left_only
5e89,P17931,TD2,left_only
5h9r,P17931,TGZ,left_only
6eog,P17931,BKK,left_only
6eol,P17931,BKH,left_only
6qlu,P17931,J62,left_only
6qlt,P17931,J5W,left_only
6qls,P17931,HRK,left_only
6qlr,P17931,J4N,left_only
6qlq,P17931,J4E,left_only
6qlp,P17931,J3Q,left_only
6qlo,P17931,J5E,left_only
6qln,P17931,J5Q,left_only
6qge,P17931,J1E,left_only
6qgf,P17931,J0T,left_only
1km3,O26232,UP6,left_only
1loq,O26232,U,left_only
1x1z,O26232,BMP,left_only
2zz1,O26232,6CN,left_only
2zz2,O26232,6CN,left_only
3g1d,O26232,U,left_only
3g1v,O26232,5FU,left_only
3w07,O26232,U5P,left_only
3wjw,O26232,U6M,left_only
1kv1,Q16539,BMU,left_only
1yqj,Q16539,6NP,left_only
2baj,Q16539,1PP,left_only
2bak,Q16539,AQZ,left_only
2bal,Q16539,PQA,left_only
2yix,Q16539,YIX,left_only
2zb1,Q16539,GK4,left_only
3d7z,Q16539,GK5,left_only
3d83,Q16539,GK6,left_only
3e92,Q16539,G6A,left_only
3e93,Q16539,19B,left_only
3gcp,Q16539,SB2,left_only
3gcs,Q16539,BAX,left_only
3gcu,Q16539,R48,left_only
3hl7,Q16539,I47,left_only
3hll,Q16539,I45,left_only
3hub,Q16539,469,left_only
3huc,Q16539,G97,left_only
3iph,Q16539,G11,left_only
3iw5,Q16539,DF3,left_only
3iw6,Q16539,PP0,left_only
3o8p,Q16539,BMU,left_only
3roc,Q16539,29A,left_only
4f9y,Q16539,LM3,left_only
5tbe,Q16539,78L,left_only
1kyv,Q9UUB1,RBF,left_only
1kzn,P0AES6,CBN,left_only
4duh,P0AES6,RLI,left_only
4zvi,P0AES6,4S4,left_only
1lbf,Q06121,137,left_only
1lee,P46925,R36,left_only
1lf2,P46925,R37,left_only
1lgw,P00720,1AN,left_only
1li2,P00720,IPH,left_only
1li3,P00720,3CH,left_only
1li6,P00720,5MP,left_only
4i7j,P00720,BNZ,left_only
4i7k,P00720,MBN,left_only
4i7l,P00720,IPH,left_only
4i7m,P00720,2LP,left_only
4i7p,P00720,ES3,left_only
4w52,P00720,BNZ,left_only
1lke,P09464,DOG,left_only
1lnm,P09464,DTX,left_only
1n0s,P09464,FLU,left_only
1lyx,Q07412,PGA,left_only
1m0n,P16932,HCP,left_only
1m0o,P16932,MPM,left_only
1m0q,P16932,EPC,left_only
1zc9,P16932,PMP,left_only
1m2p,P28523,HNA,left_only
1m2q,P28523,MNX,left_only
1m2r,P28523,MNY,left_only
1om1,P28523,IQA,left_only
1zoe,P28523,K25,left_only
1zog,P28523,K37,left_only
1zoh,P28523,K44,left_only
2oxd,P28523,K32,left_only
2oxx,P28523,K22,left_only
2oxy,P28523,K17,left_only
2pvh,P28523,P19,left_only
2pvj,P28523,P44,left_only
2pvk,P28523,P45,left_only
2pvl,P28523,P55,left_only
2pvm,P28523,P29,left_only
3be9,P28523,P04,left_only
3fl5,P28523,TXQ,left_only
3pwd,P28523,CZ0,left_only
1m48,P60568,FRG,left_only
1m5w,P0A794,DXP,left_only
1m7y,P37821,PPG,left_only
1m83,P00953,ATP,left_only
1mfi,P34884,FHC,left_only
1moq,P17169,GLP,left_only
1xff,P17169,GLU,left_only
4unp,P9WKE1,TXW,left_only
2oag,P27487,DLI,left_only
2ole,P27487,KR2,left_only
3nox,P27487,6A5,left_only
3sww,P27487,KXB,left_only
4jh0,P27487,1MD,left_only
4lko,P27487,1WH,left_only
5kby,P27487,6RL,left_only
1n46,P10828,PFA,left_only
1n4k,P11881,I3P,left_only
1n5r,P21836,PRM,left_only
1q84,P21836,TZ4,left_only
2ha2,P21836,SCK,left_only
2ha3,P21836,CHT,left_only
2ha6,P21836,SCK,left_only
2whp,P21836,HI6,left_only
4ara,P21836,C56,left_only
4arb,P21836,C57,left_only
5ehq,P21836,5O2,left_only
1nf8,P0DPC1,ISC,left_only
1nhu,P26663,153,left_only
1os5,P26663,NH1,left_only
3cj5,P26663,SX6,left_only
3mf5,P26663,HJZ,left_only
4b73,P26663,4VA,left_only
4b74,P26663,1LH,left_only
4b76,P26663,PW1,left_only
4eo6,P26663,0S2,left_only
4eo8,P26663,0S3,left_only
4ih5,P26663,12R,left_only
4ih6,P26663,1EP,left_only
1nhz,P04150,486,left_only
1njs,P22102,KEU,left_only
4ew2,P22102,DXY,left_only
4ew3,P22102,DXZ,left_only
1nli,P09989,ADE,left_only
1np0,P07686,NGT,left_only
1nvq,O14757,UCN,left_only
1nvr,O14757,STU,left_only
1nvs,O14757,UCM,left_only
2br1,O14757,PFP,left_only
2brb,O14757,PFQ,left_only
2brm,O14757,DFZ,left_only
2c3l,O14757,IDZ,left_only
2e9u,O14757,A25,left_only
3jvr,O14757,AGX,left_only
3jvs,O14757,AGY,left_only
5oot,O14757,4K4,left_only
5op4,O14757,A0T,left_only
5op5,O14757,3FE,left_only
5oq8,O14757,A0Q,left_only
1nw4,Q8I3X4,IMH,left_only
1q1g,Q8I3X4,MTI,left_only
6aqs,Q8I3X4,IM5,left_only
1nw5,P14751,SAM,left_only
1nw7,P14751,SAH,left_only
1o5e,P05981,132,left_only
1p57,P05981,CR4,left_only
1oar,P01724,AZN,left_only
1oau,P01724,SER-DNF,left_only
1oba,P15057,CHT,left_only
1od8,P26514,XDL-XYP,left_only
1v0k,P26514,XDN-XYP,left_only
1v0l,P26514,XIF-XYP,left_only
1odi,Q5SID9,ADN,left_only
1odj,Q5SID9,GMP,left_only
1oe8,P30114,GSH,left_only
1ogd,P36946,RIP,left_only
1ogg,P11797,3-mer,left_only
1ogz,P00947,EQU,left_only
1ohr,Q9Q288,1UN,left_only
1oif,Q08638,IFM,left_only
1uz1,Q08638,IFL,left_only
1w3j,Q08638,OXZ,left_only
2cbu,Q08638,CTS,left_only
2cbv,Q08638,CGB,left_only
2ces,Q08638,GIM,left_only
2cet,Q08638,PGI,left_only
2j75,Q08638,NOY,left_only
2j77,Q08638,NOJ,left_only
2j79,Q08638,GTL,left_only
2j7b,Q08638,NTZ,left_only
2j7d,Q08638,GI1,left_only
2j7e,Q08638,GI2,left_only
2j7f,Q08638,GI3,left_only
2j7g,Q08638,GI4,left_only
2wbg,Q08638,LGS,left_only
2wc3,Q08638,AM3,left_only
2wc4,Q08638,AMF,left_only
5n6s,Q08638,8P5,left_only
1oz0,P31335,MS1,left_only
1thz,P31335,326,left_only
2b1g,P31335,13A,left_only
2b1i,P31335,93A,left_only
1p19,Q4DRC4,IMP,left_only
1pa9,P15273,CSN,left_only
1pb8,P35439,DSN,left_only
1pb9,P35439,4AX,left_only
1pbq,P35439,DK1,left_only
1y1z,P35439,192,left_only
1y20,P35439,1AC,left_only
4kfq,P35439,KFQ,left_only
1pkx,P31939,XMP,left_only
1pme,P28482,SB2,left_only
2ojg,P28482,19A,left_only
2ojj,P28482,82A,left_only
3i5z,P28482,Z48,left_only
3i60,P28482,E86,left_only
4qp2,P28482,36R,left_only
1pr5,P0ABP9,TBN,left_only
1pvn,P50097,MZP,left_only
1pzp,P62593,FTA,left_only
1q5k,P49841,TMU,left_only
3i4b,P49841,Z48,left_only
4acc,P49841,7YG,left_only
6hk4,P49841,G8E,left_only
6hk3,P49841,G8B,left_only
1qan,P13956,SAH,left_only
1qaw,Q9X6J6,TRP,left_only
1qft,O77421,HSM,left_only
1qk3,Q26997,5GP,left_only
1qk4,Q26997,IMP,left_only
1qkt,P03372,EST,left_only
2ayr,P03372,L4G,left_only
2pog,P03372,WST,left_only
2qe4,P03372,JJ3,left_only
1r0p,P08581,KSA,left_only
2wgj,P08581,VGH,left_only
3q6w,P08581,Q6W,left_only
3r7o,P08581,M61,left_only
3u6h,P08581,03X,left_only
3u6i,P08581,044,left_only
3zbx,P08581,6XE,left_only
3zc5,P08581,W9Z,left_only
3zcl,P08581,5TF,left_only
3zxz,P08581,KRW,left_only
3zze,P08581,6XP,left_only
4aoi,P08581,4K0,left_only
4ap7,P08581,F47,left_only
4gg7,P08581,0J8,left_only
5ya5,P08581,6TD,left_only
1r9l,P0AFM2,BET,left_only
1rd4,P20701,L08,left_only
3f78,P20701,ICF,left_only
1rr6,P00491,IMH,left_only
2on6,P00491,IMH,left_only
3bgs,P00491,DIH,left_only
3k8o,P00491,229,left_only
3k8q,P00491,22A,left_only
4eb8,P00491,IM5,left_only
5etj,P00491,IM5,left_only
1s5z,P22887,SON,left_only
4cp5,P22887,EOI,left_only
1sw2,O29280,BET,left_only
3mam,O29280,BET,left_only
3n7o,P23946,N7O,left_only
1t32,P08311,OHH,left_only
1t7d,P00803,ARY,left_only
1u0g,P06745,E4P,left_only
1u1w,Q51792,3HA,left_only
1u71,P00374,MXA,left_only
3oaf,P00374,OAG,left_only
4g95,P00374,OAG,left_only
1ua4,Q9V2Z6,AMP,left_only
1ui0,Q5SKC5,URA,left_only
1uj5,Q72J47,5RP,left_only
1uou,P19971,CMU,left_only
2wk6,P19971,IUR,left_only
1ur9,Q54276,3-mer,left_only
1usi,P04816,PHE,left_only
1usk,P04816,LEU,left_only
1uv6,P58154,CCE,left_only
1uw6,P58154,NCT,left_only
3u8j,P58154,09O,left_only
3u8k,P58154,09P,left_only
3u8l,P58154,09Q,left_only
3u8n,P58154,09S,left_only
3wtj,P58154,TH4,left_only
3wtl,P58154,N1Y,left_only
3wtm,P58154,N1Y,left_only
3wto,P58154,N2Y,left_only
3zdg,P58154,XRX,left_only
3zdh,P58154,XRS,left_only
4qac,P58154,KK3,left_only
1uwf,P08191,DEG,left_only
4att,P08191,HNV,left_only
4auj,P08191,HNW,left_only
4av4,P08191,FVQ,left_only
4av5,P08191,FYZ,left_only
4css,P08191,CWX,left_only
4cst,P08191,CWK,left_only
4x50,P08191,3X8,left_only
4x5p,P08191,3XJ,left_only
4x5q,P08191,3XN,left_only
4x5r,P08191,3XO,left_only
4xo8,P08191,KGM,left_only
5fs5,P08191,KGM,left_only
6g2s,P08191,EJN,left_only
6g2r,P08191,EJK,left_only
1uwt,P22498,GTL,left_only
1uwu,P22498,GOX,left_only
2ceq,P22498,GIM,left_only
2cer,P22498,PGI,left_only
1uz4,Q6QT42,IFL,left_only
1uz8,P01811,3-mer,left_only
1v1j,P15474,FA3,left_only
1vso,P22756,AT1,left_only
2f34,P22756,UBA,left_only
2f35,P22756,UBC,left_only
2pbw,P22756,DOQ,left_only
2wky,P22756,IBC,left_only
3gba,P22756,DYH,left_only
3gbb,P22756,MS8,left_only
3s2v,P22756,3HU,left_only
4dld,P22756,TZG,left_only
4e0x,P22756,KAI,left_only
4qf9,P22756,35K,left_only
4ymb,P22756,40000000,left_only
5neb,P22756,8VE,left_only
6fz4,P22756,EC8,left_only
6sbt,P22756,L5H,left_only
1vyf,P29498,OLA,left_only
1vyg,P29498,ACD,left_only
1w96,Q00955,S1A,left_only
1w9u,Q873X9,5-mer,left_only
1w9v,Q873X9,5-mer,left_only
2iuz,Q873X9,D1H,left_only
1wcq,Q02834,DAN,left_only
1wdn,P0AEQ3,GLN,left_only
1wm1,O32449,PTB,left_only
1x38,Q9XEI3,IDD,left_only
1x39,Q9XEI3,IDE,left_only
6md6,Q9XEI3,JSV,left_only
1x8d,P32156,RNS,left_only
1x8r,P0A6D3,SC1,left_only
1x8t,P0A6D3,RC1,left_only
2pq9,P0A6D3,GG9,left_only
1xap,P10826,TTB,left_only
1xgi,P00811,NST,left_only
2pu2,P00811,DK2,left_only
2r9w,P00811,23C,left_only
2r9x,P00811,WH6,left_only
3gqz,P00811,GF7,left_only
3gr2,P00811,GF4,left_only
3gtc,P00811,GTC,left_only
3gv9,P00811,GV9,left_only
3gvb,P00811,3GV,left_only
4jxs,P00811,18U,left_only
4kz3,P00811,1U1,left_only
4kz4,P00811,4A1,left_only
4kz6,P00811,ZB6,left_only
4kz7,P00811,1U5,left_only
6dpz,P00811,H7D,left_only
6dpy,P00811,H7A,left_only
6dpx,P00811,H7G,left_only
6dpt,P00811,H7M,left_only
1xjd,Q04759,STU,left_only
1xk5,O95149,TPG,left_only
1xk9,P11439,P34,left_only
1xkk,P00533,FMM,left_only
3ug2,P00533,IRE,left_only
4rj8,P00533,3QS,left_only
5c8n,P00533,4YX,left_only
5cap,P00533,4ZH,left_only
5caq,P00533,4ZJ,left_only
5cas,P00533,4ZQ,left_only
5cau,P00533,4ZR,left_only
5hcy,P00533,60D,left_only
1xt8,Q0P9S0,CYS,left_only
1xws,P11309,BI1,left_only
2c3i,P11309,IYZ,left_only
2xj1,P11309,XJ1,left_only
2xj2,P11309,985,left_only
3bgq,P11309,VX2,left_only
3bgz,P11309,VX3,left_only
3jy0,P11309,LYG,left_only
3jya,P11309,LWG,left_only
4k0y,P11309,1OA,left_only
4k18,P11309,1OB,left_only
4n6z,P11309,2HW,left_only
5dwr,P11309,5H7,left_only
5ipj,P11309,6CD,left_only
5v82,P11309,96Y,left_only
6no9,P11309,KUV,left_only
1yc1,P07900,4BC,left_only
1yc4,P07900,43P,left_only
1yet,P07900,GDM,left_only
2qg0,P07900,A94,left_only
2qg2,P07900,A91,left_only
2uwd,P07900,2GG,left_only
2xab,P07900,VHD,left_only
2xdk,P07900,XDK,left_only
2xdl,P07900,2DL,left_only
2xdx,P07900,WOE,left_only
2xht,P07900,C0Y,left_only
2xjg,P07900,XJG,left_only
2xjj,P07900,L81,left_only
2xjx,P07900,XJX,left_only
2yi0,P07900,YI0,left_only
2yi7,P07900,BZ8,left_only
2yki,P07900,YKI,left_only
3b24,P07900,B2J,left_only
3b25,P07900,B2K,left_only
3b26,P07900,B2L,left_only
3b27,P07900,B2T,left_only
3d0b,P07900,SNX,left_only
3eko,P07900,PYU,left_only
3ekr,P07900,PY9,left_only
3hek,P07900,BD0,left_only
3k97,P07900,4CD,left_only
3k99,P07900,PFT,left_only
3qdd,P07900,94M,left_only
3r4m,P07900,WOE,left_only
3r4n,P07900,FU5,left_only
3r4p,P07900,FU7,left_only
3rlp,P07900,3RP,left_only
3rlq,P07900,3RQ,left_only
3rlr,P07900,3RR,left_only
3vha,P07900,VHA,left_only
3vhd,P07900,VHE,left_only
3wha,P07900,WHA,left_only
4b7p,P07900,9UN,left_only
4bqg,P07900,50Q,left_only
4cwf,P07900,H05,left_only
4cwn,P07900,6LV,left_only
4cwo,P07900,T62,left_only
4cwp,P07900,TV2,left_only
4cwq,P07900,W2D,left_only
4cwr,P07900,HAJ,left_only
4cws,P07900,G3R,left_only
4cwt,P07900,IK9,left_only
4egk,P07900,RDC,left_only
4fcq,P07900,2N6,left_only
4nh7,P07900,E0G,left_only
4nh8,P07900,2LC,left_only
4o04,P07900,2Q8,left_only
4o05,P07900,2Q9,left_only
4o07,P07900,FGH,left_only
4o09,P07900,2R6,left_only
4o0b,P07900,2QA,left_only
4xip,P07900,40W,left_only
4xiq,P07900,40Y,left_only
4xir,P07900,40X,left_only
4xit,P07900,40Z,left_only
5fnc,P07900,IEE,left_only
5fnd,P07900,IQ5,left_only
5fnf,P07900,TQL,left_only
5j20,P07900,6FJ,left_only
5j27,P07900,6FJ,left_only
5j2x,P07900,6DL,left_only
5j64,P07900,6G7,left_only
5j6l,P07900,6GC,left_only
5j6m,P07900,6FJ,left_only
5j6n,P07900,6FF,left_only
5j82,P07900,6GV,left_only
5j86,P07900,6GW,left_only
5j8m,P07900,6DL,left_only
5j8u,P07900,6FJ,left_only
5j9x,P07900,6GC,left_only
5lny,P07900,70K,left_only
5nyh,P07900,9EK,left_only
5odx,P07900,9RZ,left_only
6ei5,P07900,B5Q,left_only
6el5,P07900,PU1,left_only
6eln,P07900,P4A,left_only
6elo,P07900,BAW,left_only
6elp,P07900,BA8,left_only
6ey8,P07900,C4T,left_only
6ey9,P07900,C4N,left_only
6eya,P07900,C4K,left_only
6eyb,P07900,C3Z,left_only
6f1n,P07900,C8W,left_only
6olx,P07900,KFY,left_only
6n8x,P07900,KFY,left_only
6fcj,P07900,D4W,left_only
6hhr,P07900,G5E,left_only
1ydk,P08263,GTX,left_only
4hj2,P08263,LZ6,left_only
5ja0,P14324,FPP,left_only
1zhy,P35844,CLR,left_only
2a14,O95050,SAH,left_only
2a4m,Q9RVD6,TRP,left_only
2a5b,P02701,8HG,left_only
2a5c,P02701,8DA,left_only
2a8g,P02701,GNG,left_only
2jgs,P02701,BTN,left_only
5chk,P02701,55R,left_only
2a5s,Q00959,GLU,left_only
2aj8,P22411,SC3,left_only
2b4l,P46922,BET,left_only
2bes,P9WKD7,RES,left_only
2bet,P9WKD7,DEZ,left_only
2bfq,O28751,AR6,left_only
2bfr,O28751,ADP,left_only
2bo4,Q9RFR0,FLC,left_only
2bqv,O92139,A1A,left_only
2bt9,Q8XXK6,MFU,left_only
4csd,Q8XXK6,MFU,left_only
2bvd,P16218,ISX,left_only
2byr,Q8WSF8,MLK,left_only
2bys,Q8WSF8,LOB,left_only
2pgz,Q8WSF8,COC,left_only
2wn9,Q8WSF8,ZY5,left_only
2wnc,Q8WSF8,TKT,left_only
2wnj,Q8WSF8,ZY7,left_only
2x00,Q8WSF8,GYN,left_only
2xys,Q8WSF8,SY9,left_only
2xyt,Q8WSF8,TC9,left_only
2ymd,Q8WSF8,SRO,left_only
2yme,Q8WSF8,CWB,left_only
3c79,Q8WSF8,IM4,left_only
3c84,Q8WSF8,TH4,left_only
3sio,Q8WSF8,MLK,left_only
4dbm,Q8WSF8,0J0,left_only
4xk9,Q8WSF8,41J,left_only
5oaj,Q8WSF8,TKT,left_only
5o87,Q8WSF8,NCT,left_only
2c1p,Q58EU8,FNZ,left_only
2c80,P30113,GTX,left_only
2ca8,P30113,GSH,left_only
2c92,P9WHE9,TP6,left_only
2c94,P9WHE9,TSF,left_only
2c97,P9WHE9,JCL,left_only
2cbj,Q0TR53,OAN,left_only
2j62,Q0TR53,GSZ,left_only
2wb5,Q0TR53,VGB,left_only
2x0y,Q0TR53,X0T,left_only
2xpk,Q0TR53,Z0M,left_only
2ce9,Q04724,5-mer,left_only
2cej,Q8Q3H0,1AH,left_only
4a4q,Q8Q3H0,UX9,left_only
2cen,Q5RZ09,4AH,left_only
3b50,P44542,SLB,left_only
2d0k,P0ABQ4,FOL,left_only
2d3u,Q99AU2,CCT,left_only
2d3z,Q99AU2,FIH,left_only
2e2p,Q96Y14,ADP,left_only
2e2r,P62508,2OH,left_only
2p7a,P62508,43M,left_only
2p7g,P62508,2OH,left_only
2p7z,P62508,OHT,left_only
6i67,P62508,H42,left_only
6i66,P62508,H4Q,left_only
6i65,P62508,H3Z,left_only
6i64,P62508,H48,left_only
6i63,P62508,2OH,left_only
6i62,P62508,27N,left_only
6i61,P62508,H3W,left_only
2epn,Q6ST21,NGT,left_only
2euk,Q9NZD2,3-mer,left_only
2evl,Q9NZD2,3-mer,left_only
2ewa,P47811,SB2,left_only
2ews,Q6G7I0,ANP,left_only
2f1g,P25774,GNF,left_only
2hhn,P25774,GNQ,left_only
3n3g,P25774,93N,left_only
2f2h,P31434,XTG,left_only
2fle,Q9J2R0,AI,left_only
2fpz,P20231,270,left_only
2za5,P20231,2FF,left_only
2fqw,P29724,NOS,left_only
2fqx,P29724,GMP,left_only
2fqy,P29724,ADN,left_only
2fw6,Q2QJL3,CIT,left_only
2fxv,P42085,5GP,left_only
2gh9,Q72I44,MLR,left_only
2gl0,Q8ZVF7,ADN,left_only
2glp,O25928,BDE,left_only
2gv6,Q9Y5Y6,730,left_only
2gv7,Q9Y5Y6,672,left_only
4jyt,Q9Y5Y6,N4A,left_only
4jz1,Q9Y5Y6,F4D,left_only
4jzi,Q9Y5Y6,N4C,left_only
4o97,Q9Y5Y6,NTX,left_only
4o9v,Q9Y5Y6,NT4,left_only
2gvj,P43490,DGB,left_only
4n9c,P43490,2ZM,left_only
5upe,P43490,8HY,left_only
5upf,P43490,8HV,left_only
2gz2,A0A0H2UPS5,A2P,left_only
2h21,Q43088,SAM,left_only
2h6b,Q8RPJ2,3C4,left_only
2hmu,O32080,ATP,left_only
2hmv,O32080,ADP,left_only
2hnx,P15090,PLM,left_only
5d45,P15090,57P,left_only
5d47,P15090,L19,left_only
5d48,P15090,L96,left_only
5edb,P15090,5M8,left_only
5edc,P15090,5M7,left_only
5hz6,P15090,65Y,left_only
5hz8,P15090,65Z,left_only
5y12,P15090,8JX,left_only
5y13,P15090,8K0,left_only
2hxm,P13051,302,left_only
2hzl,Q3J1R2,PYR,left_only
2i0a,O38723,MUI,left_only
2psu,O38723,MUU,left_only
2i2c,Q8Y8D7,DTA,left_only
4dy6,Q8Y8D7,A22,left_only
5dhu,Q8Y8D7,5A8,left_only
2i4j,P37231,DRJ,left_only
2i4z,P37231,DRH,left_only
2p4y,P37231,C03,left_only
2yfe,P37231,YFE,left_only
4a4v,P37231,YFD,left_only
4a4w,P37231,YFB,left_only
4r06,P37231,30000000,left_only
5f9b,P37231,5VN,left_only
5lsg,P37231,QZQ,left_only
6md0,P37231,OLA,left_only
6dgr,P37231,GDY,left_only
6dgq,P37231,GBV,left_only
6dgl,P37231,GEV,left_only
2i6b,P55263,89I,left_only
2i80,Q5HEB7,G1L,left_only
2ihj,Q15KI8,CSF,left_only
2iko,P00797,7IG,left_only
3d91,P00797,REM,left_only
3own,P00797,3OX,left_only
4s1g,P00797,43T,left_only
2j47,Q89ZI2,GDV,left_only
2j4g,Q89ZI2,NB1,left_only
2jiw,Q89ZI2,BEU,left_only
2vvn,Q89ZI2,NHT,left_only
2vvs,Q89ZI2,OAN,left_only
2xm1,Q89ZI2,LTM,left_only
2xm2,Q89ZI2,LOG,left_only
2jf4,P13482,VDM,left_only
2jg0,P13482,TTZ,left_only
2jjb,P13482,3CU+GLC,left_only
2jfz,Q9ZLT0,003,left_only
2nsj,P0AG18,C2R,left_only
2nsl,P0AG18,C2R,left_only
2o0u,P53779,C0M,left_only
2oax,P08235,SNL,left_only
5hcv,P08235,60R,left_only
2oiq,P00523,STI,left_only
4o2p,P00523,11V,left_only
4ybk,P00523,4B7,left_only
2ot1,P00883,N3P,left_only
2oxn,Q9KU37,OAN,left_only
3gs6,Q9KU37,NP6,left_only
3gsm,Q9KU37,VPU,left_only
2oym,O33853,MNI,left_only
2p3a,Q6BB74,3TL,left_only
2p3c,Q6Q004,3TL,left_only
2p3i,P12473,MNA,left_only
2p4s,A4Q998,DIH,left_only
2pqb,Q9R4E4,GG9,left_only
2pqc,Q9R4E4,RC1,left_only
2pql,Q9BIH3,TSS,left_only
2psv,O38707,MUV,left_only
2pvu,D0VWX8,LYS,left_only
2q2a,D0VWX8,ARG,left_only
2py4,P9WNS5,DUP,left_only
5ect,P9WNS5,DUP,left_only
5edd,P9WNS5,DUP,left_only
2pyy,D0VWX9,GLU,left_only
2q54,O38710,MU1,left_only
2q5k,O38710,AB1,left_only
2q55,O38719,MU0,left_only
2q6f,P0C6Y3,6-mer,left_only
2q8h,Q15118,TF4,left_only
2q8z,Q8IJH3,NUP,left_only
2qbu,O27402,SAH,left_only
2qbw,Q96RT1,8-mer,left_only
2qpq,Q7W019,CIT,left_only
2qrk,P38998,AMP,left_only
2qrl,P38998,OGA,left_only
2qtg,Q9T0I8,MTH,left_only
2qtt,Q9T0I8,FMC,left_only
3lgs,Q9T0I8,SAH,left_only
2qu6,P35968,857,left_only
3vhk,P35968,BPK,left_only
4ag8,P35968,AXI,left_only
4agc,P35968,AXI,left_only
4asd,P35968,BAX,left_only
4ase,P35968,AV9,left_only
2r0h,Q206Z5,CTO,left_only
2r58,Q9VHA0,MLY,left_only
2r5a,Q9VHA0,MLZ,left_only
2r5p,O12158,MK1,left_only
2r75,O66809,01G,left_only
2rcb,Q8VHN2,DSN,left_only
2rd6,P09874,78P,left_only
3gjw,P09874,GJW,left_only
3l3l,P09874,L3L,left_only
3l3m,P09874,A92,left_only
4und,P09874,2YQ,left_only
4zzz,P09874,FSU,left_only
5xsr,P09874,8EC,left_only
6bhv,P09874,DQV,left_only
2reg,Q92N37,CHT,left_only
2rin,Q92N37,ACH,left_only
2rkf,Q90JJ9,AB1,left_only
4m8x,Q90JJ9,KGQ,left_only
4m8y,Q90JJ9,KGQ,left_only
2rkg,A0F6C5,AB1,left_only
2std,P56221,CRP,left_only
4std,P56221,BFS,left_only
2uxi,Q9AIU0,G50,left_only
2uy3,P29029,H33,left_only
2uy4,P29029,AZM,left_only
2uy5,P29029,H35,left_only
2uyn,P0AGL2,2KT,left_only
2uyq,Q9CCZ4,SAM,left_only
2v2q,O67060,NVG,left_only
2v2v,O67060,V12,left_only
2v3d,P04062,NBV,left_only
2v3u,Q63226,DSN,left_only
5cc2,Q63226,CKA,left_only
2v58,P24182,LZJ,left_only
2v59,P24182,LZK,left_only
3pyy,P00519,3YY,left_only
4wa9,P00519,AXI,left_only
5hu9,P00519,66K,left_only
2v95,P31211,HCY,left_only
2vb8,P0A953,TLM,left_only
2vba,P0A953,P4T,left_only
2vfk,Q6JP77,AMP,left_only
2vhj,Q94M05,ADP,left_only
2vjx,Q8AAK6,IFL,left_only
2vl4,Q8AAK6,MNM,left_only
2vmf,Q8AAK6,MVL,left_only
2vo5,Q8AAK6,VBZ,left_only
2vot,Q8AAK6,NHV,left_only
2vqt,Q8AAK6,15A,left_only
2vk2,P39325,GZL,left_only
2vo4,O49235,4NM,left_only
2vt3,O05521,ATP,left_only
2vw1,Q54727,DAN,left_only
2vw2,Q54727,NHE,left_only
2vxn,P48499,PGH,left_only
2vyt,Q9UQR0,MLZ,left_only
2w8j,Q93UV0,PLS,left_only
2w8w,Q93UV0,PLS,left_only
2w9h,P0A017,TOP,left_only
2we3,P03195,DUT,left_only
2wjg,Q57986,GDP,left_only
2wly,P07254,2-mer,left_only
2wlz,P07254,2-mer,left_only
2wm0,P07254,3-mer,left_only
2wr8,O58212,SAH,left_only
2wtv,O14965,ZZL,left_only
3myg,O14965,EML,left_only
3uo4,O14965,0C0,left_only
3uod,O14965,0C3,left_only
3up2,O14965,0C8,left_only
6c2r,O14965,EG7,left_only
2wuf,P9WNH5,KEM,left_only
2wvt,Q8A3I4,FHN,left_only
2xib,Q8A3I4,DFU,left_only
2xii,Q8A3I4,TA9,left_only
4j28,Q8A3I4,EAT,left_only
4jfs,Q8A3I4,16Z,left_only
4pcs,Q8A3I4,2M7,left_only
4pee,Q8A3I4,2OX,left_only
6hzy,Q8A3I4,GYZ,left_only
2wzm,A0QV09,NA7,left_only
2x2r,P52732,X2O,left_only
5zo8,P52732,4C5,left_only
2x4z,O96013,X4Z,left_only
4app,O96013,N53,left_only
4o0x,O96013,2OQ,left_only
4o0y,O96013,2OO,left_only
5xva,O96013,8FU,left_only
5xvg,O96013,8FX,left_only
2x6x,Q9AYY6,6-mer,left_only
2xb7,Q9UM73,GUI,left_only
2yfx,Q9UM73,VGH,left_only
4cd0,Q9UM73,AWJ,left_only
4clj,Q9UM73,5P8,left_only
4cmo,Q9UM73,YPW,left_only
5aa9,Q9UM73,5P8,left_only
5fto,Q9UM73,YMX,left_only
5kz0,Q9UM73,6YL,left_only
2xb8,P9WPX7,XNW,left_only
3n76,P9WPX7,CA2,left_only
3n7a,P9WPX7,FA1,left_only
3n86,P9WPX7,RJP,left_only
3n8k,P9WPX7,D1X,left_only
4b6o,P9WPX7,3DQ,left_only
4b6p,P9WPX7,2HN,left_only
4ciw,P9WPX7,XH2,left_only
4kiu,P9WPX7,KIU,left_only
2xd9,Q48255,XD9,left_only
2xda,Q48255,JPS,left_only
4b6r,Q48255,3DQ,left_only
4b6s,Q48255,2HN,left_only
2xde,P12497,1B0,left_only
3zso,P12497,O2N,left_only
3zsq,P12497,O4N,left_only
3zsx,P12497,N44,left_only
3zsy,P12497,OM3,left_only
3zt2,P12497,ZT2,left_only
3zt3,P12497,ZT4,left_only
4ahr,P12497,I2E,left_only
4ahs,P12497,AKH,left_only
4ahu,P12497,ICO,left_only
4ceb,P12497,ZSV,left_only
4cgi,P12497,NZL,left_only
4cig,P12497,X0P,left_only
4cj4,P12497,S3G,left_only
4cjp,P12497,4D2,left_only
4cjq,P12497,VXO,left_only
4cjr,P12497,FYM,left_only
4ck3,P12497,K1T,left_only
4qnb,P12497,1B0,left_only
2xg9,P16098,GLC-NOJ,left_only
2xn3,P05543,ID8,left_only
2xp7,Q13526,4F8,left_only
3ikd,Q13526,J9Z,left_only
3ikg,Q13526,J8Z,left_only
2xxr,P42260,GLU,left_only
2xxt,P42260,KAI,left_only
2xxx,P42260,GLU,left_only
2y8c,Q8II92,DUQ,left_only
3t60,Q8II92,DUA,left_only
3t64,Q8II92,DU3,left_only
3t70,Q8II92,DU4,left_only
2ya6,P62575,DAN,left_only
2ya7,P62575,ZMR,left_only
2ya8,P62575,G39,left_only
2yb0,O15826,DUR,left_only
2ydw,P25440,WSH,left_only
2yek,P25440,EAM,left_only
4mr6,P25440,1K0,left_only
4qev,P25440,31O,left_only
4qew,P25440,31P,left_only
4uyf,P25440,73B,left_only
6k04,P25440,CQF,left_only
2yel,O60885,WSH,left_only
3p5o,O60885,EAM,left_only
3u5j,O60885,08H,left_only
3u5l,O60885,08K,left_only
3zyu,O60885,1GH,left_only
4cfl,O60885,8DQ,left_only
4lyw,O60885,21Q,left_only
4lzr,O60885,LOC,left_only
4lzs,O60885,L46,left_only
4mr3,O60885,1K0,left_only
4nuc,O60885,435,left_only
4nue,O60885,NUE,left_only
4ogj,O60885,2TA,left_only
4qb3,O60885,30M,left_only
4wiv,O60885,3P2,left_only
4xya,O60885,43S,left_only
4z93,O60885,4LD,left_only
5acy,O60885,9S3,left_only
5cp5,O60885,EB0,left_only
5cqt,O60885,EB3,left_only
5cy9,O60885,E0A,left_only
5d0c,O60885,E0B,left_only
5d24,O60885,L26,left_only
5d25,O60885,56M,left_only
5d26,O60885,L28,left_only
5d3h,O60885,57G,left_only
5d3j,O60885,L33,left_only
5d3l,O60885,57F,left_only
5d3n,O60885,L40,left_only
5d3p,O60885,57E,left_only
5dlx,O60885,5D2,left_only
5dw2,O60885,5GD,left_only
5dx4,O60885,E0C,left_only
5egu,O60885,5NQ,left_only
5eis,O60885,5OU,left_only
5f5z,O60885,5VY,left_only
5f60,O60885,5VZ,left_only
5f61,O60885,5W0,left_only
5f62,O60885,5W1,left_only
5f63,O60885,5W2,left_only
5i80,O60885,67B,left_only
5i88,O60885,69G,left_only
5khm,O60885,XNH,left_only
5u28,O60885,82V,left_only
5ueu,O60885,0S6,left_only
5uez,O60885,89G,left_only
5uf0,O60885,89J,left_only
5ula,O60885,5MJ,left_only
5uoo,O60885,8FV,left_only
5y8y,O60885,8PX,left_only
6c7q,O60885,EO1,left_only
6ckr,O60885,F5V,left_only
6cks,O60885,F5Y,left_only
6e4a,O60885,HRY,left_only
6fo5,O60885,DZH,left_only
6q3z,O60885,HG8,left_only
6q3y,O60885,HG5,left_only
6mh7,O60885,JQY,left_only
6mh1,O60885,JQP,left_only
6fsy,O60885,E5Q,left_only
6dl2,O60885,GUJ,left_only
5yqx,O60885,E0K,left_only
5wmg,O60885,6JF,left_only
5wa5,O60885,4K4,left_only
2yfa,Q88E10,LMR,left_only
2ylc,P0A1R0,U,left_only
2yxj,Q07817,N3C,left_only
3qkd,Q07817,HI0,left_only
3spf,Q07817,B50,left_only
3zk6,Q07817,H1I,left_only
3zln,Q07817,H0Y,left_only
3zlr,Q07817,X0B,left_only
4c52,Q07817,X0D,left_only
4c5d,Q07817,X0R,left_only
2zcs,A9JQL9,B70,left_only
2zy1,A9JQL9,830,left_only
3acw,A9JQL9,651,left_only
3acx,A9JQL9,673,left_only
3tfn,A9JQL9,2CJ,left_only
3tfp,A9JQL9,03L,left_only
3vje,A9JQL9,ZGA,left_only
4e9u,A9JQL9,RWY,left_only
4ea2,A9JQL9,RWZ,left_only
2zjw,P68400,REF,left_only
3bqc,P68400,EMO,left_only
3h30,P68400,RFZ,left_only
3owj,P68400,1EL,left_only
3pe1,P68400,3NG,left_only
3pe2,P68400,E1B,left_only
5cqu,P68400,JRJ,left_only
5cs6,P68400,K82,left_only
5csp,P68400,54G,left_only
5cu4,P68400,54S,left_only
5h8e,P68400,5Y3,left_only
5h8g,P68400,5Y4,left_only
5mo8,P68400,C98,left_only
5mod,P68400,86L,left_only
5orh,P68400,A4N,left_only
5os7,P68400,A8Q,left_only
5os8,P68400,J27,left_only
5otr,P68400,AU8,left_only
5otz,P68400,AUT,left_only
5owl,P68400,B0K,left_only
6hoq,P68400,FER,left_only
2zwz,Q9WYE2,ZWZ,left_only
2zx6,Q9WYE2,ZX6,left_only
2zx7,Q9WYE2,ZX7,left_only
2zx8,Q9WYE2,ZX8,left_only
2zxd,Q9WYE2,ZXD,left_only
2zym,Q9AJF5,ACX,left_only
3a1c,O29777,ACP,left_only
3a1d,O29777,ADP,left_only
3a1e,O29777,ACP,left_only
3a5y,P0A8N7,KAA,left_only
3a6t,P08337,8OG,left_only
3aaq,Q5ZUA2,ARU,left_only
3ag9,P00517,A02,left_only
3bwj,P00517,ARX,left_only
3agl,P17612,A03,left_only
5izf,P17612,6-mer,left_only
5izj,P17612,4-mer,left_only
3ai8,P07858,HNQ,left_only
3ap4,O00214,LBT,left_only
5t7s,O00214,LBT,left_only
3aqt,Q8NR95,RCO,left_only
3arp,Q9AMP1,DEQ,left_only
3arq,Q9AMP1,DM5,left_only
3arw,Q9AMP1,CTI,left_only
3arx,Q9AMP1,POY,left_only
3axz,P43912,ADN,left_only
3b2q,Q60187,ATP,left_only
3b4p,Q396C9,3B4,left_only
3juo,Q396C9,AJD,left_only
3jup,Q396C9,AKD,left_only
3b7j,Q5G940,JUG,left_only
3cf8,Q5G940,QUE,left_only
3ed0,Q5G940,EMO,left_only
3bbb,P22392,2-mer,left_only
3bbf,P22392,GDP,left_only
3bex,Q9WZY5,PAU,left_only
3brn,Q09JR9,SRO,left_only
3bu1,Q09JX9,HSM,left_only
3bxe,O32253,13P,left_only
3bxf,O32253,FBP,left_only
3bxg,O32253,BG6,left_only
3bxh,O32253,F6P,left_only
3c2f,P43619,PRP,left_only
3c2o,P43619,NTM,left_only
3c2r,P43619,PHT,left_only
3c2u,O52575,B3P,left_only
3c39,P00558,3PG,left_only
3c4h,Q9Y6F1,DRL,left_only
3fhb,Q9Y6F1,GAB,left_only
3cct,P04035,3HI,left_only
3ccw,P04035,4HI,left_only
3ccz,P04035,5HI,left_only
3cd0,P04035,6HI,left_only
3cd5,P04035,7HI,left_only
3cd7,P04035,882,left_only
3cda,P04035,8HI,left_only
3cdb,P04035,9HI,left_only
3cow,P9WIL5,52H,left_only
3coy,P9WIL5,53H,left_only
3coz,P9WIL5,54H,left_only
3imc,P9WIL5,BZ3,left_only
3ime,P9WIL5,BZ2,left_only
3iob,P9WIL5,A4D,left_only
3ioc,P9WIL5,A5D,left_only
3iod,P9WIL5,A6D,left_only
3ioe,P9WIL5,A7D,left_only
3isj,P9WIL5,A8D,left_only
3iub,P9WIL5,FG2,left_only
3iue,P9WIL5,FG3,left_only
3ivc,P9WIL5,FG4,left_only
3ivg,P9WIL5,FG5,left_only
3ivx,P9WIL5,FG6,left_only
4ddh,P9WIL5,MS0,left_only
4ddk,P9WIL5,0HN,left_only
4ddm,P9WIL5,0HO,left_only
4de5,P9WIL5,0JD,left_only
4ef6,P9WIL5,I2E,left_only
4efk,P9WIL5,0OC,left_only
4fzj,P9WIL5,0W1,left_only
4g5f,P9WIL5,0JD,left_only
3ctt,O43451,3CU,left_only
3l4u,O43451,DSK,left_only
3l4v,O43451,KTL,left_only
3l4w,O43451,MIG,left_only
3l4x,O43451,NR3,left_only
3l4y,O43451,NR4,left_only
3l4z,O43451,SSD,left_only
3cyz,Q9U9J6,9OD,left_only
3cz1,Q9U9J6,NBB,left_only
3d78,Q9U9J6,NBB,left_only
3d0e,P31751,G93,left_only
3djo,P00669,U2P,left_only
3djp,P00669,UA3,left_only
3djq,P00669,UDP,left_only
3djv,P00669,C3P,left_only
3djx,P00669,C5P,left_only
3dp9,Q9KPI8,BIG,left_only
3drf,A2RJ53,8-mer,left_only
3drg,A2RJ53,9-mer,left_only
3dri,A2RJ53,6-mer,left_only
3dsz,P80188,LIZ,left_only
3tf6,P80188,DBH,left_only
3dzt,P18153,EAH,left_only
3e3c,Q7DB61,HHG,left_only
3e5u,B8FW11,3C4,left_only
3ebl,Q6L545,GA4,left_only
3ebo,P00489,57D,left_only
3ebp,P00489,CPB,left_only
3eeb,Q9KS12,IHP,left_only
3fzy,Q9KS12,IHP,left_only
3eqr,Q07912,T74,left_only
3evd,P03314,GTP,left_only
3f3c,O67854,PFF,left_only
3f3d,O67854,MET,left_only
3f3e,O67854,LEU,left_only
3f48,O67854,ALA,left_only
3f70,Q969R5,MLZ,left_only
3f8c,A2RI36,HT1,left_only
3f8f,A2RI36,DM1,left_only
4zzd,A2RI36,RBF,left_only
3fas,P19493,GLU,left_only
3fat,P19493,AMQ,left_only
3fj7,Q0PBL7,PEQ,left_only
3fjg,Q0PBL7,3PG,left_only
3fqe,P43405,P5C,left_only
4fl1,P43405,ANP,left_only
3fql,Q9WMX2,79Z,left_only
3fuz,P39086,GLU,left_only
3fv1,P39086,DYH,left_only
3fv2,P39086,NDZ,left_only
3fvk,P39086,8DX,left_only
3fvn,P39086,9DX,left_only
3fv3,P32951,6-mer,left_only
3fvh,P53350,7-mer,left_only
4e67,P53350,8-mer,left_only
4o6w,P53350,7-mer,left_only
4o9w,P53350,6-mer,left_only
3g0e,P10721,B49,left_only
3g0i,Q9UR30,VPR,left_only
3g19,Q9A5I0,3-mer,left_only
3g2y,Q9L5C8,GF4,left_only
3g2z,Q9L5C8,GZ2,left_only
3g30,Q9L5C8,G30,left_only
3g31,Q9L5C8,GF1,left_only
3g32,Q9L5C8,3G3,left_only
3g34,Q9L5C8,1CE,left_only
3g35,Q9L5C8,F13,left_only
4de0,Q9L5C8,0JB,left_only
4de1,Q9L5C8,0J6,left_only
4de2,Q9L5C8,DN3,left_only
3gbe,D0VX20,NOJ,left_only
3gdt,P03962,UP6,left_only
3gnw,O92972,XNC,left_only
3hky,O92972,IX6,left_only
3gvu,P42684,STI,left_only
3gx0,P77526,GDS,left_only
3h78,P20582,BE2,left_only
3h89,P07711,NSX,left_only
3h8b,P07711,NSY,left_only
3hit,Q2QEH4,DYN,left_only
3hkw,P26664,IX6,left_only
3hmo,P33981,STU,left_only
3hmp,P33981,CX4,left_only
5mrb,P33981,C5N,left_only
5n93,P33981,8QE,left_only
3hu3,P55072,AGS,left_only
4ko8,P55072,AGS,left_only
3hv8,Q9HUK6,C2E,left_only
3i73,O57728,ADP,left_only
3ies,P08659,M24,left_only
3ifl,P05067,7-mer,left_only
3ip5,Q7CX36,ALA,left_only
3ip6,Q7CX36,PRO,left_only
3ip9,Q7CX36,ABU,left_only
3ip8,Q05115,B85,left_only
3iss,P0A749,EPU,left_only
3jdw,P50440,ORN,left_only
3jrs,Q8VZS8,A8S,left_only
3jrx,O00763,S1A,left_only
3jyr,P19576,ACR,left_only
3jzh,O75530,5-mer,left_only
5k0m,O75530,6PU,left_only
5ttw,O75530,5-mer,left_only
3jzj,B0B0V1,ACR,left_only
3k00,B0B0V1,MTT,left_only
3k02,B0B0V1,TXT,left_only
3k1j,B6YU74,ADP,left_only
3k4d,P05804,EVA,left_only
3k4q,P34752,IHS,left_only
3k5v,P00520,STJ,left_only
3ms9,P00520,MS9,left_only
3mss,P00520,MS7,left_only
6hd6,P00520,FYH,left_only
3k8c,Q4CQE2,RES,left_only
3kiv,P08519,ACA,left_only
3kjd,Q9UGN5,78P,left_only
4zzx,Q9UGN5,FSU,left_only
4zzy,Q9UGN5,D7N,left_only
3kku,P25779,B95,left_only
3kyq,Q5EGY4,DPV,left_only
3ldp,P11021,3P1,left_only
5evz,P11021,ADP,left_only
5exw,P11021,7DT,left_only
5ey4,P11021,DTP,left_only
5f1x,P11021,ATP,left_only
5f2r,P11021,ACP,left_only
3lpp,P14410,KTL,left_only
3lvw,P32477,GSH,left_only
3lxk,P52333,MI1,left_only
5lwm,P52333,79T,left_only
6gl9,P52333,F3W,left_only
6gla,P52333,F4B,left_only
6glb,P52333,F48,left_only
3lzs,P24740,017,left_only
3lzu,P24740,017,left_only
3lzz,Q6WRH7,GDP,left_only
3m3c,Q6WY08,3-mer,left_only
3m8u,B8F653,GDS,left_only
3mi2,P11172,PFU,left_only
3miy,Q08881,B49,left_only
3qgw,Q08881,L7A,left_only
3qgy,Q08881,L7O,left_only
4m0y,Q08881,M0Y,left_only
4m12,Q08881,1YZ,left_only
4m13,Q08881,1,left_only
4m14,Q08881,QWS,left_only
4qd6,Q08881,30T,left_only
4rfm,Q08881,3P6,left_only
3n1c,P06999,F6P,left_only
3ng4,Q9GK12,2-mer,left_only
3nw3,Q9GK12,MU2,left_only
3o4k,Q9GK12,LTC,left_only
3uil,Q9GK12,DAO,left_only
3umq,Q9GK12,BUA,left_only
3usx,Q9GK12,MYR,left_only
4fnn,Q9GK12,STE,left_only
3nhi,Q95NY5,EAH,left_only
3nht,Q95NY5,U46,left_only
3npc,P45984,B96,left_only
3nsn,Q06GJ0,TMX-CTO,left_only
3ozp,Q06GJ0,OAN,left_only
3s6t,Q06GJ0,OAN,left_only
3vtr,Q06GJ0,TCG,left_only
3wmc,Q06GJ0,NF6,left_only
3nyd,P23360,3NY,left_only
4bs0,P23360,6NT,left_only
3nyx,P29597,TZ1,left_only
4gfo,P29597,0X2,left_only
4gih,P29597,0X5,left_only
4gii,P29597,0X6,left_only
4gj2,P29597,0XH,left_only
4gj3,P29597,0XP,left_only
4wov,P29597,3SM,left_only
5wal,P29597,9ZS,left_only
3o5n,Q4ACU6,BR0,left_only
3o5x,Q06124,JZG,left_only
5ehr,Q06124,5OD,left_only
3o75,Q88PQ6,F1X,left_only
3o99,Q90K99,K13,left_only
3o9a,Q90K99,K14,left_only
3o9d,Q90K99,K19,left_only
3o9e,Q90K99,A60,left_only
4djo,Q90K99,MK5,left_only
4djp,Q90K99,M73,left_only
4djq,Q90K99,M86,left_only
4djr,Q90K99,0KJ,left_only
3ocp,Q13976,CMP,left_only
4z07,Q13976,PCG,left_only
3oy8,P09382,2-mer,left_only
3oyw,P09382,TDG,left_only
3p2e,A8C927,SAH,left_only
3p7i,Q1R3F7,P7I,left_only
3p8p,O94760,LN6,left_only
6szp,O94760,M3B,left_only
3p8z,P27915,36A,left_only
3pju,Q3KK31,C2E,left_only
3pn1,P43813,IVH,left_only
3ppm,P97612,JG1,left_only
3ppp,O32243,BET,left_only
3ppq,O32243,CHT,left_only
3ppr,O32243,4CS,left_only
3q1x,Q9U8X2,SER,left_only
3q6z,Q460N5,APR,left_only
3q71,Q460N5,AR6,left_only
4f1l,Q460N5,0RY,left_only
5o2d,Q460N5,9HH,left_only
3qbc,A0A0H3JXR3,B55,left_only
3qfy,O66264,IFM-SO4,left_only
3qfz,O66264,NOJ-SO4,left_only
3qox,Q8TEK3,SAH,left_only
3sr4,Q8TEK3,TT8,left_only
4ek9,Q8TEK3,EP4,left_only
3qps,Q7B8P6,CHD,left_only
3qqa,Q7B8P6,TCH,left_only
4ij1,P9WFX5,17C,left_only
4m0r,P9WFX5,644,left_only
4n8q,P9WFX5,FA0,left_only
4owv,P9WFX5,BE2,left_only
3qt6,Q9FD73,2P0,left_only
3qx9,Q9UKV8,ATP,left_only
3r1v,Q7PXT9,AZB,left_only
3r5t,Q9RCF6,VBN,left_only
3r6u,Q45462,CHT,left_only
3re4,O28471,TO1,left_only
3rm4,Q9BZP6,3RM,left_only
3rm9,Q9BZP6,613,left_only
3rv8,P9WFX1,RVC/VCE,left_only
3veh,P9WFX1,0GA,left_only
3rwp,O15530,ABQ,left_only
4rqk,O15530,R1S,left_only
4rqv,O15530,R2S,left_only
5lvl,O15530,537,left_only
3s0b,Q1W640,FNA,left_only
3s0d,Q1W640,CTV,left_only
3s0e,Q1W640,EOL,left_only
6otg,Q7SSI0,4UY,left_only
3s5y,P06280,DGJ,left_only
6ibk,P06280,YTW,left_only
3s9e,P42264,GLU,left_only
3sk2,Q8GPH6,GRI,left_only
3slz,Q9E7M1,3TL,left_only
3sm2,Q9E7M1,478,left_only
3sur,D2KW09,NGT,left_only
3sus,D2KW09,GNL,left_only
3sut,D2KW09,OAN,left_only
3suu,D2KW09,OGN,left_only
3suv,D2KW09,NOK,left_only
3suw,D2KW09,GC2,left_only
3sxf,Q9BJF5,BK5,left_only
3t3u,Q9BJF5,BK6,left_only
3v51,Q9BJF5,I76,left_only
3v5p,Q9BJF5,C88,left_only
3v5t,Q9BJF5,UW9,left_only
3t2w,Q12QS6,BTN,left_only
3t6b,Q9NY33,5-mer,left_only
3ta0,O28524,ATP,left_only
3ta1,O28524,ADP,left_only
3tao,P9WG43,PGH,left_only
3tb6,P96711,ARB,left_only
3tcg,P23843,3-mer,left_only
3td4,Q6RYW5,API,left_only
3tfu,P9WQ81,PL8,left_only
3th9,P0C6F2,9Y9,left_only
4i8w,P0C6F2,G07,left_only
4i8z,P0C6F2,G08,left_only
4mc1,P0C6F2,526,left_only
4mc2,P0C6F2,525,left_only
4mc6,P0C6F2,23K,left_only
4mc9,P0C6F2,23L,left_only
4qgi,P0C6F2,ROC,left_only
3tmk,P00572,T5A,left_only
3ttm,Q9I6J1,PUT,left_only
3tz0,Q00972,03H,left_only
3tzm,P36897,085,left_only
3u10,Q9UL51,CMP,left_only
3ubd,P18654,SL0,left_only
4gue,P18654,QCT,left_only
3uj9,Q6T755,PC,left_only
3ujc,Q6T755,PC,left_only
3ujd,Q6T755,PC,left_only
3upk,P33038,UD1,left_only
3v4t,P33038,UD1,left_only
3uug,P25548,BDP,left_only
3v2n,Q9R0G6,MYR,left_only
3v2p,Q9R0G6,STE,left_only
3v2q,Q9R0G6,PLM,left_only
3v3q,P22736,TMY,left_only
3v78,P95092,ET,left_only
3vvy,A0A0F6AY66,ET,left_only
3vw1,A0A0F6AY66,CVI,left_only
3vw2,A0A0F6AY66,BER,left_only
3vx3,Q5JIH4,ADP,left_only
3w37,L0N7E5,ACR,left_only
3w9k,Q973T5,MYR,left_only
3w9r,Q84MC7,A8S,left_only
3wgg,D5KM69,8NA,left_only
3wvm,P05413,STE,left_only
4tjz,P05413,DKA,left_only
4tkb,P05413,DAO,left_only
4tkh,P05413,MYR,left_only
4tkj,P05413,PLM,left_only
5hz9,P05413,5M8,left_only
3zj6,Q9SPP9,VM2,left_only
3zll,Q9HU22,4WF,left_only
4arw,Q9HU22,HNR,left_only
4asj,Q9HU22,N6A,left_only
3zm9,P35790,QMQ,left_only
4br3,P35790,U85,left_only
4cg8,P35790,G8S,left_only
4cg9,P35790,GQG,left_only
4cga,P35790,QLW,left_only
4da5,P35790,0H7,left_only
5afv,P35790,JH5,left_only
5eqe,P35790,5R8,left_only
5eqp,P35790,5R9,left_only
5eqy,P35790,5RA,left_only
5ftg,P35790,NBR,left_only
5fut,P35790,PQ7,left_only
4a6l,Q15661,P43,left_only
4ad2,D6D1V7,GLC-IFM,left_only
4ad3,D6D1V7,GLC-DMJ,left_only
4v27,D6D1V7,2-mer,left_only
5lyr,D6D1V7,2-mer,left_only
5m17,D6D1V7,2-mer,left_only
5m5d,D6D1V7,2-mer,left_only
6hmg,D6D1V7,2-mer,left_only
4ad6,A0A0H3JKY1,GSY,left_only
4afg,I6L8L2,QMR,left_only
4b5d,I6L8L2,SW4,left_only
4aj4,P04642,VAB,left_only
4aje,P04642,2B4,left_only
4aji,P04642,88R,left_only
4ajl,P04642,88W,left_only
4aqh,P05121,TB7,left_only
4az6,P49610,OAN,left_only
4azb,P49610,OAN,left_only
4azg,P49610,OAN,left_only
4azi,P49610,OAN,left_only
4b0b,O33877,54F,left_only
4cl6,O33877,7SB,left_only
4b1j,Q86W56,A1R,left_only
4b2i,O74036,LZ1,left_only
4b2l,O74036,TR7,left_only
4b32,O74036,03V,left_only
4b33,O74036,1NP,left_only
4b34,O74036,ABV,left_only
4b35,O74036,4ME,left_only
4b3b,O74036,6-mer,left_only
4b3c,O74036,5H1,left_only
4b3d,O74036,5MI,left_only
5fot,O74036,6-mer,left_only
5fou,O74036,6-mer,left_only
5fov,O74036,6-mer,left_only
5fox,O74036,6-mer,left_only
5fpk,O74036,6-mer,left_only
4b8y,Q2FVW9,6-mer,left_only
4b9z,B3PEE6,ACR,left_only
4ly9,Q14397,1YY,left_only
4bc5,O75191,5FX,left_only
4bcs,P56734,BTN,left_only
4bi6,P36186,PGA,left_only
4bi7,P36186,PGA,left_only
4bj8,E7F650,BTN,left_only
4bny,O54438,36I,left_only
4bqh,Q386Q8,9VU,left_only
4bqs,P9WPY3,K2Q,left_only
4btk,Q5TCY1,DTQ,left_only
4buq,A2IC68,KGM,left_only
4c9x,P36639,VHS,left_only
5ant,P36639,RJE,left_only
5anu,P36639,58T,left_only
5anv,P36639,RGJ,left_only
5fsn,P36639,6Q3,left_only
5fso,P36639,S76,left_only
6f20,P36639,C9E,left_only
6eq7,P36639,BS8,left_only
6eq5,P36639,AX7,left_only
6eq3,P36639,BU5,left_only
6eq2,P36639,BU8,left_only
4cc5,Q9AIU7,L5V,left_only
4cr5,P03951,0TU,left_only
4cr9,P03951,OTW,left_only
4cra,P03951,XJ8,left_only
4crb,P03951,7P0,left_only
4crc,P03951,OTM,left_only
4crf,P03951,R9B,left_only
4ty6,P03951,39D,left_only
4ty7,P03951,39F,left_only
4x6m,P03951,3Y3,left_only
4x6n,P03951,3Y5,left_only
4x6o,P03951,3Y4,left_only
4y8x,P03951,4GR,left_only
5e2o,P03951,5JM,left_only
5e2p,P03951,7P0,left_only
5exl,P03951,5SS,left_only
5exm,P03951,5ST,left_only
5exn,P03951,5SU,left_only
6c0s,P03951,EEJ,left_only
5qtt,P03951,QEY,left_only
5qqp,P03951,NR7,left_only
4cu7,A0A0H2UP19,GIF,left_only
4cu8,A0A0H2UP19,DGJ,left_only
4d3h,Q2G229,2BA,left_only
4d4d,Q9Z4P9,MAN-IFM,left_only
5m77,Q9Z4P9,2-mer,left_only
5n0f,Q9Z4P9,7K2,left_only
4d8z,Q81VW8,0J2,left_only
4daf,Q81VW8,0J4,left_only
4db7,Q81VW8,Z25,left_only
4nl1,Q81VW8,Z13,left_only
4dcs,P50743,GDP,left_only
4dko,Q0ED31,0LM,left_only
4dkp,Q0ED31,0LL,left_only
4dkq,Q0ED31,0LK,left_only
4dkr,Q0ED31,0LJ,left_only
4i54,Q0ED31,1C1,left_only
4do4,P17050,DJN,left_only
4do5,P17050,DGJ,left_only
4dsu,P01112,BZI,left_only
4e1k,P43889,0N5,left_only
4e4l,P23458,0NH,left_only
4e4n,P23458,0NL,left_only
4e5w,P23458,0NT,left_only
4ehz,P23458,JAK,left_only
4ei4,P23458,0Q2,left_only
4fk6,P23458,0UJ,left_only
4i5c,P23458,C5I,left_only
4ivb,P23458,1J5,left_only
4ivc,P23458,1J6,left_only
4ivd,P23458,15T,left_only
4k77,P23458,1Q4,left_only
6n7d,P23458,KF4,left_only
6n7b,P23458,KEY,left_only
6n7a,P23458,KEV,left_only
6n79,P23458,KES,left_only
6n78,P23458,KEP,left_only
4e6d,O60674,0NU,left_only
4e6q,O60674,0NV,left_only
4f09,O60674,JAK,left_only
4gfm,O60674,0X2,left_only
4hge,O60674,15V,left_only
4iva,O60674,1J5,left_only
4jia,O60674,1K3,left_only
4ytc,O60674,4HW,left_only
4yth,O60674,467,left_only
5l3a,O60674,6DP,left_only
5ut6,O60674,8MY,left_only
5win,O60674,SKE,left_only
5wij,O60674,AQG,left_only
4e70,A6XNE6,N7I,left_only
4emf,D9J2T9,M7G,left_only
4emr,D9J2T9,MGP,left_only
4zt8,D9J2T9,CYT,left_only
5cso,D9J2T9,CTN,left_only
5cst,D9J2T9,CDP,left_only
4eoh,O00764,TEP,left_only
4epy,P01116,0QY,left_only
6fa4,P01116,D1W,left_only
6quv,P01116,JJN,left_only
6gj8,P01116,F0K,left_only
6gj6,P01116,EZZ,left_only
4erf,Q00987,0R3,left_only
4hbm,Q00987,0Y7,left_only
4mdn,Q00987,Y30,left_only
4wt2,Q00987,3UD,left_only
4zgk,Q00987,4NX,left_only
4zyf,Q00987,4T4,left_only
4etz,Q9HZE7,C2E,left_only
4eu0,Q9HZE7,C2E,left_only
4euo,A9CGA5,ABU,left_only
4ewn,Q9X0C6,0VR,left_only
4ezx,P0A6Y8,7-mer,left_only
4ezz,P0A6Y8,7-mer,left_only
4jne,P0A6Y8,ATP,left_only
4f0c,I7B368,GDS,left_only
4f5y,Q86WV6,C2E,left_only
4ksy,Q86WV6,1SY,left_only
4loh,Q86WV6,1SY,left_only
4loi,Q86WV6,1YC,left_only
4qxo,Q86WV6,1YE,left_only
4ffs,Q9ZMY2,BIG,left_only
4wkn,Q9ZMY2,TDI,left_only
4wko,Q9ZMY2,HCE,left_only
4wkp,Q9ZMY2,3QA,left_only
4ynb,Q9ZMY2,4EH,left_only
6dyy,Q9ZMY2,OS6,left_only
6dyw,Q9ZMY2,OS5,left_only
6dyv,Q9ZMY2,OS3,left_only
6dyu,Q9ZMY2,OS2,left_only
4fht,Q9XAM6,DHB,left_only
4flp,Q58F21,JQ1,left_only
4kcx,Q58F21,1QK,left_only
4fxp,Q43295,ADX,left_only
4g0p,O04379,U5P,left_only
4g0q,O04379,C5P,left_only
4g0y,O04379,AMP,left_only
4g0z,O04379,5GP,left_only
4g4p,Q837S0,GLN,left_only
4gah,Q5T1C6,0ET,left_only
4ge1,Q86PT9,TSS,left_only
4ggz,Q89U61,BTN,left_only
4gq4,O00255,0RT,left_only
4og3,O00255,2S6,left_only
4og4,O00255,2VK,left_only
4x5y,O00255,3XW,left_only
4x5z,O00255,3XY,left_only
4gu6,Q05397,10N,left_only
4gu9,Q05397,4GU,left_only
4k9y,Q05397,K9Y,left_only
4kao,Q05397,KAO,left_only
4hp0,P00698,4-mer,left_only
4hpi,P00698,3-mer,left_only
4tun,P00698,MVH,left_only
4hw3,Q07820,19G,left_only
4zbf,Q07820,4M7,left_only
4zbi,Q07820,4M6,left_only
6b4l,Q07820,CJY,left_only
6b4u,Q07820,CN7,left_only
6fs0,Q07820,E4W,left_only
6fs1,Q07820,E4Q,left_only
6qz5,Q07820,JLE,left_only
6oqd,Q07820,N0M,left_only
6oqc,Q07820,N0S,left_only
6oqb,Q07820,N0J,left_only
6ne5,Q07820,KJP,left_only
6ud2,Q07820,Q4D,left_only
6udi,Q07820,Q4S,left_only
6udt,Q07820,Q4V,left_only
6udu,Q07820,Q4Y,left_only
6udv,Q07820,Q51,left_only
4hy1,A0A0J9WZF0,19X,left_only
4hym,A0A0J9WZF0,CJC,left_only
4hzm,Q8ZQ06,1BW,left_only
4i8x,P13491,6P3,left_only
4i9h,P13491,10000,left_only
4i9u,P13491,10000000,left_only
4ibb,Q05127,1DK,left_only
4ibc,Q05127,12G,left_only
4ibd,Q05127,1DL,left_only
4ibe,Q05127,11Y,left_only
4ibf,Q05127,1D5,left_only
4ibg,Q05127,1D6,left_only
4ibi,Q05127,1D8,left_only
4ibj,Q05127,1D9,left_only
4ibk,Q05127,1DE,left_only
4idn,Q8WXF7,GNP,left_only
4ido,Q8WXF7,GDP,left_only
4iid,P48825,NOJ,left_only
4iif,P48825,CTS,left_only
4io2,E9P5T5,GLU,left_only
4io3,E9P5T5,ASP,left_only
4io4,E9P5T5,SER,left_only
4io5,E9P5T5,ALA,left_only
4io6,E9P5T5,MET,left_only
4io7,E9P5T5,PHE,left_only
4ipn,A0A0H2UP35,1FT,left_only
4iuo,P58687,QIC,left_only
4j7d,P56273,I31,left_only
4j7e,P56273,I29,left_only
4j93,Q79791,1JR,left_only
4jal,P0AGJ7,SAH,left_only
4jfk,Q13451,JFK,left_only
4jfm,Q13451,1KZ,left_only
4w9o,Q13451,3JQ,left_only
4w9p,Q13451,3JR,left_only
5dit,Q13451,5B8,left_only
4jkw,O00481,IPE,left_only
4k55,O00481,H6P,left_only
4n7u,O00481,2JA,left_only
4jwk,D0C9L6,CTN,left_only
4jx9,D0C9L6,URI,left_only
4jyb,C5AP93,GNP,left_only
4jyc,C5AP93,GDP,left_only
4jym,Q9SZU7,KKN,left_only
4k7i,P30044,CAQ,left_only
4k7n,P30044,MCT,left_only
4k7o,P30044,EKZ,left_only
4mmm,P30044,BP7,left_only
4km0,P9WNX1,CP6,left_only
4km2,P9WNX1,TOP,left_only
4kmz,P14207,FOL,left_only
4kn0,P14207,MTX,left_only
4kn1,P14207,04J,left_only
4kow,Q9HV14,CFX,left_only
4kqp,Q9CES5,GLN,left_only
4kxn,O35820,6K6,left_only
4p5d,O35820,N6P,left_only
4l4z,P76141,D5X,left_only
4l50,P76141,D8X,left_only
4l51,P76141,HSX,left_only
4l9i,P28327,8PR,left_only
4lhm,P07650,AZZ,left_only
4lhv,P61006,GDP,left_only
4lj5,Q9RA63,ADP,left_only
4lj8,Q9RA63,ADP,left_only
4lrr,P0A886,CF9,left_only
4luz,P27694,1XT,left_only
4o0a,P27694,2P9,left_only
4r4c,P27694,3HS,left_only
4r4i,P27694,3HV,left_only
4r4o,P27694,3HW,left_only
4r4t,P27694,3J0,left_only
5e7n,P27694,5KR,left_only
4lvt,P10415,1XJ,left_only
4lxd,P10415,1XV,left_only
6gl8,P10415,F3Q,left_only
4m0e,P22303,1YL,left_only
4m0f,P22303,1YK,left_only
6rtw,Q13635,Y01,left_only
4mhz,B7QK46,PBD,left_only
4mjp,P0A988,27O,left_only
4mnp,Q8RDN9,SLB,left_only
4mo4,Q9I5Q5,ACP,left_only
4mpn,Q15119,PV0,left_only
5j6a,Q15119,P46,left_only
4mq6,P9WIL4,29W,left_only
4muf,P9WIL4,2DJ,left_only
4mul,P9WIL4,2DW,left_only
4mre,P15379,2C9,left_only
4mrg,P15379,24W,left_only
4np2,P15379,2L1,left_only
4np3,P15379,2L2,left_only
4mss,B4EA43,2CZ,left_only
4myd,P37355,164,left_only
4n5d,P55212,2FQ,left_only
4n6g,P55212,2GQ,left_only
4n7m,P55212,2GQ,left_only
4nbk,P55212,2J5,left_only
4nbl,P55212,2J6,left_only
4nbn,P55212,2J7,left_only
4ndu,A7UNK4,AMG,left_only
4nkt,O13833,2KH,left_only
4nku,O13833,2-mer,left_only
4nnr,P26885,FK5,left_only
4non,Q5M586,GDP,left_only
4np9,P47709,I3P,left_only
4nra,Q9UIF8,2LW,left_only
4rvr,Q9UIF8,3WQ,left_only
5e73,Q9UIF8,UO1,left_only
5e74,Q9UIF8,5KH,left_only
5mge,Q9UIF8,7MX,left_only
5mgf,Q9UIF8,7MW,left_only
4nvp,Q9Y3Q4,7CH,left_only
4nxu,Q9NQG6,ADP,left_only
4nxv,Q9NQG6,GDP,left_only
4o3f,P09411,TZN,left_only
4o61,Q6P6C2,CIT,left_only
4oag,Q8BGV8,ADP,left_only
4ocq,E8MF12,A2G,left_only
4oiv,Q96RI1,XX9,left_only
4oma,Q84AR1,LCS,left_only
4omj,O76054,2TX,left_only
4omk,O76054,SQL,left_only
4or4,A0A0J9X1Y8,M7G,left_only
4or6,A0A0J9X1Y8,GDP,left_only
4ozj,B8ZYW1,ADP,left_only
4p3h,O36607,25G,left_only
4p58,O88587,2F6,left_only
4p5z,P29320,Q7M,left_only
4p6c,Q9KKP2,RES,left_only
4pin,A0R5M8,AVI,left_only
4pmm,P04629,31V,left_only
6pl1,P04629,OOJ,left_only
4pop,A2RI47,2VY,left_only
4pow,P35120,OP1,left_only
4pox,P35120,2W2,left_only
4pp0,P35120,OP1,left_only
5ito,P35120,6DB,left_only
5itp,P35120,6DB,left_only
5ot8,P35120,6DB,left_only
5ot9,P35120,AOZ,left_only
5ota,P35120,AQQ,left_only
5otc,P35120,AQK,left_only
4psb,A0A1S3THR8,GA3,left_only
4pzv,Q5NGA7,J1D,left_only
4q0k,G7J032,GA3,left_only
4q19,P27707,2XL,left_only
4q46,A0A0J9X1Z6,GDP,left_only
4q93,P54577,STL,left_only
4q9o,Q8DRB3,2ZW,left_only
4qdk,Q55467,SAH,left_only
4qfl,A7Y7W1,2-mer,left_only
4qfn,A7Y7W1,2-mer,left_only
4qfo,A7Y7W1,2-mer,left_only
4qfp,A7Y7W1,2-mer,left_only
4qij,P9WNP5,1HA,left_only
4ql1,P61964,35Q,left_only
5m23,P61964,7DC,left_only
5m25,P61964,7DU,left_only
5sxm,P61964,8-mer,left_only
6dai,P61964,G2V,left_only
6dak,P61964,G1Y,left_only
6dar,P61964,G2J,left_only
6pge,P61964,OJM,left_only
6pgc,P61964,OJJ,left_only
6pgb,P61964,OJG,left_only
6pga,P61964,OGM,left_only
6pg9,P61964,OH1,left_only
6pg8,P61964,OGY,left_only
6pg7,P61964,OH4,left_only
6pg6,P61964,OH7,left_only
6pg5,P61964,OHV,left_only
6pg4,P61964,OHG,left_only
6pg3,P61964,OHJ,left_only
6e23,P61964,HLJ,left_only
6e22,P61964,HLS,left_only
6e1z,P61964,HLP,left_only
6e1y,P61964,HLM,left_only
6dy7,P61964,HH7,left_only
6u5y,P61964,Q0M,left_only
6u6w,P61964,Q0Y,left_only
6u8b,P61964,Q1M,left_only
6u8o,P61964,Q1G,left_only
4qpd,E3NZ06,THG,left_only
4qyy,P63086,3G7,left_only
6cpw,P63086,F8V,left_only
4r0a,Q9NR97,URI,left_only
5wyx,Q9NR97,CU8,left_only
5wyz,Q9NR97,7VF,left_only
4r73,A3N294,G6P,left_only
4r74,A3N294,F6P,left_only
4r75,A3N294,S7P,left_only
4ra1,Q52012,ALX-BNX,left_only
4zeb,Q52012,AGR,left_only
4zec,Q52012,C84,left_only
4zei,Q52012,LAO,left_only
4zek,Q52012,LAH,left_only
4rd0,Q980A5,GDP,left_only
4rd3,Q980A5,GDP,left_only
4rd6,Q980A5,GDP,left_only
4rdn,Q9Y5A9,6MD,left_only
4re2,A2YPH1,MVL,left_only
4re4,A2YPH1,IFM,left_only
4rpn,P52679,PCI,left_only
4rpo,P52679,T6C,left_only
4rr6,Q9YFY3,A3S,left_only
4rra,Q9YFY3,A3T,left_only
4rrf,Q58597,A3S,left_only
4rrg,Q58597,A3T,left_only
4rwj,P11362,66T,left_only
5am6,P11362,38O,left_only
5am7,P11362,38O,left_only
4rww,Q8Y3Y7,2BA,left_only
4tmk,P0A720,T5A,left_only
5tmp,P0A720,Z5A,left_only
4tpw,P06730,33R,left_only
4tqn,Q92793,UL4,left_only
4yk0,Q92793,98,left_only
5dbm,Q92793,58N,left_only
5eng,Q92793,5QN,left_only
5ep7,Q92793,5QR,left_only
5h85,Q92793,5XS,left_only
5j0d,Q92793,6F9,left_only
5mme,Q92793,8Q6,left_only
5mmg,Q92793,UT0,left_only
5mpk,Q92793,0BC,left_only
5mpn,Q92793,YE5,left_only
5mpz,Q92793,4I8,left_only
5mqe,Q92793,PKU,left_only
5nlk,Q92793,92E,left_only
5tb6,Q92793,77X,left_only
4trc,Q97W95,ADE,left_only
4u0f,P12493,3A8,left_only
4u0w,O34817,16G,left_only
4u43,O95819,3D8,left_only
4u54,P52293,3C5,left_only
4u5n,P52293,3D4,left_only
4u5o,P52293,3D5,left_only
4u5s,P52293,3D0,left_only
4ua8,D6E1Y1,MLR,left_only
4uac,D6E1Y1,ACR,left_only
4ual,Q9Y5S2,3FV,left_only
4ucc,P03418,ZKW,left_only
4uoh,A5J299,ADP,left_only
4uye,P55201,9F9,left_only
5eq1,P55201,BEA,left_only
5etb,P55201,5RO,left_only
5mwh,P55201,UWX,left_only
5o5a,P55201,9LN,left_only
5ov8,P55201,AXN,left_only
6ekq,P55201,WGX,left_only
4v24,Q9NYA1,GYR,left_only
4w97,P9WMB9,UCA,left_only
4wkb,A5F5R2,TDI,left_only
4x24,A5F5R2,TDI,left_only
4wn5,Q9Y2N7,MVC,left_only
4wop,P9WPQ5,CTP,left_only
4wrb,P14174,3TW,left_only
5hvs,P14174,65V,left_only
5hvt,P14174,NVS,left_only
5j7q,P14174,6H2,left_only
6b1k,P14174,C9G,left_only
6cbf,P14174,EWD,left_only
6cbg,P14174,EWG,left_only
4xaq,Q14416,40F,left_only
4xas,Q14416,40H,left_only
4xar,Q14832,40F,left_only
4xmb,Q14145,41P,left_only
5x54,Q14145,5-mer,left_only
4xmr,Q0P864,ILE,left_only
4xoc,A0A454AB91,KGM,left_only
4xtv,I6YFP0,44K,left_only
4xtw,I6YFP0,44M,left_only
4xtx,I6YFP0,590,left_only
4xty,I6YFP0,44L,left_only
4xtz,I6YFP0,594,left_only
4xu0,I6YFP0,44N,left_only
4xu1,I6YFP0,44O,left_only
4xu2,I6YFP0,44Q,left_only
4xu3,I6YFP0,44R,left_only
4xxh,P36673,T6P,left_only
4xy8,Q9H8M2,43U,left_only
5eu1,Q9H8M2,5SW,left_only
5f1h,Q9H8M2,5U6,left_only
5f25,Q9H8M2,5TU,left_only
5f2p,Q9H8M2,5TY,left_only
5i7x,Q9H8M2,67B,left_only
5i7y,Q9H8M2,69G,left_only
5igm,Q9H8M2,BMF,left_only
5ji8,Q9H8M2,6KT,left_only
4y0a,A0A0M3KL09,SKM,left_only
6i5g,P34913,PTG,left_only
4yc0,A3UNN4,5OF,left_only
4ykj,A0A0R4I973,ALA,left_only
4ymg,Q9HGR1,SAM,left_only
4ymh,Q9HGR1,SAH,left_only
5ufr,P51449,88J,left_only
6cn5,P51449,F7M,left_only
6j1l,P51449,B6L,left_only
4ymx,Q8RCC4,ARG,left_only
4ysl,A5VWI3,GSH,left_only
4z2b,Q6L8Q7,4LC,left_only
4zb6,A0A0R4I980,GDS,left_only
4zb8,A0A0R4I981,GDS,left_only
4zba,A0A0R4I985,GDS,left_only
4zcs,Q8IEE9,CDC,left_only
4zji,Q13153,4OQ,left_only
5dey,Q13153,59T,left_only
5dfp,Q13153,59U,left_only
5ime,Q13153,6BZ,left_only
4zl4,Q6PRR9,4PK,left_only
4zow,P0AEY8,CLM,left_only
5a6k,A0A0H2US73,NSG,left_only
5ahw,A0QYW6,CMP,left_only
5aqz,P0DMV8,SGV,left_only
5mkr,P0DMV8,TI8,left_only
5mks,P0DMV8,TI8,left_only
5aut,P53355,2AN,left_only
5ave,A0A0H3AES3,SER,left_only
5avf,Q9KL26,TAU,left_only
5b2d,Q9WAF5,SLT,left_only
5bv3,Q06151,M7G,left_only
5bw4,C7Q5P8,SAM,left_only
5c1m,P42866,4VO,left_only
5cep,Q12852,50E,left_only
5ceq,Q12852,50F,left_only
5vo1,Q12852,9FS,left_only
5cks,P0AB91,52L,left_only
5cp9,P14210,6O5,left_only
5cs3,P14210,EP1,left_only
5ct2,P14210,CXS,left_only
5d0r,Q96PN6,B1T,left_only
5d3x,Q8TCU6,4IP,left_only
5dq8,Q15562,FLF,left_only
5dqe,Q15562,50000,left_only
5dqf,P35747,CZE,left_only
5dus,K9N638,APR,left_only
5duw,P56470,5GO,left_only
5dxt,P42336,5H5,left_only
6gvf,P42336,FE5,left_only
5e1s,P06213,5JA,left_only
5e6o,Q23536,4-mer,left_only
5edl,O34738,VIB,left_only
5efa,Q9QLL6,MGT,left_only
5efc,Q9QLL6,GTP,left_only
5epl,O00257,6-mer,left_only
5ewk,C9Z6T8,P34,left_only
5ewy,C9Z6T8,5TQ,left_only
5ey0,Q2FZ27,GTP,left_only
5eyr,P9WMC1,5T0,left_only
5f08,P9WMC1,5TG,left_only
5f0f,P9WMC1,5TD,left_only
5j1r,P9WMC1,6FG,left_only
5j3l,P9WMC1,6FR,left_only
5f1r,P22262,42O,left_only
5f1v,Q9PPB4,3VN,left_only
5f2u,O43924,4-mer,left_only
5x74,O43924,JAY,left_only
5f8y,H2FH31,X6X,left_only
5fbi,P00746,5WD,left_only
5fck,P00746,5WC,left_only
6ftz,P00746,E7E,left_only
6fuh,P00746,E88,left_only
6fui,P00746,E7W,left_only
6fuj,P00746,E8B,left_only
5fe6,Q92831,5WZ,left_only
5fe7,Q92831,5WU,left_only
5fe9,Q92831,5WS,left_only
5lvq,Q92831,2LX,left_only
5lvr,Q92831,78Y,left_only
6j3o,Q92831,B4L,left_only
5fh7,Q86U86,5XL,left_only
5fh8,Q86U86,5XK,left_only
5hrv,Q86U86,64C,left_only
5hrw,Q86U86,64E,left_only
5hrx,Q86U86,64F,left_only
5fnr,Q9Z2X8,XMS,left_only
5fns,Q9Z2X8,XYY,left_only
5fnt,Q9Z2X8,0PL,left_only
5fnu,Q9Z2X8,L6I,left_only
6qmk,Q9Z2X8,J8H,left_only
6qmj,Q9Z2X8,J6K,left_only
5fog,B6AA20,VRT,left_only
5fol,B6AA20,SO8,left_only
5fsc,B0CZL6,G8Z,left_only
5fsx,C9ZP98,ADP,left_only
5fsy,C9ZP98,AR6,left_only
5g5f,A0A1P8NWC2,GSH,left_only
5kej,A0A1P8NWC2,GTX,left_only
5gmh,B3Y653,RX8,left_only
5gs9,Q8WTX7,ARG,left_only
5h5f,Q12314,SAM,left_only
5ha1,P09455,RNE,left_only
5hbs,P09455,RTL,left_only
6e6m,P09455,8CB,left_only
6e5t,P09455,HVJ,left_only
6e5l,P09455,HVD,left_only
5hbn,P37571,RPI,left_only
5hjq,Q9VIH7,I3P,left_only
5htl,Q9KUV7,C2E,left_only
5hwv,A5W4E3,MBN,left_only
5hz5,Q01469,65X,left_only
5i1q,P21675,67C,left_only
5mg2,P21675,7M8,left_only
5i2e,P49773,67D,left_only
5i2f,P49773,BS5,left_only
5ipc,P49773,6CE,left_only
5kly,P49773,6UR,left_only
5kma,P49773,777,left_only
5wa8,P49773,9ZA,left_only
5wa9,P49773,9ZD,left_only
6n3y,P49773,HHJ,left_only
6n3x,P49773,KBD,left_only
6n3w,P49773,KBJ,left_only
6n3v,P49773,KB7,left_only
5i9x,P29317,DB8,left_only
5i9y,P29317,1N1,left_only
5i9z,P29317,627,left_only
5ia0,P29317,A5B,left_only
5ia1,P29317,ZZL,left_only
5ia2,P29317,L66,left_only
5ia3,P29317,P17,left_only
5ia4,P29317,88Z,left_only
5ia5,P29317,GV0,left_only
5njz,P29317,8ZH,left_only
5nk2,P29317,8ZZ,left_only
5nk3,P29317,92Q,left_only
5nk4,P29317,90E,left_only
5nk6,P29317,90W,left_only
5nk7,P29317,8ZZ,left_only
5nk8,P29317,90Z,left_only
5nk9,P29317,912,left_only
5nka,P29317,91H,left_only
5nkb,P29317,8ZT,left_only
5nkc,P29317,90T,left_only
5nkd,P29317,91K,left_only
5nkg,P29317,8ZK,left_only
5nkh,P29317,8ZQ,left_only
5nki,P29317,8ZW,left_only
6fnf,P29317,DXH,left_only
6fng,P29317,DWT,left_only
5ih9,Q14680,6BF,left_only
5ijr,O14786,HRG,left_only
5iyy,O14786,R40,left_only
5j1x,O14786,AR5,left_only
5jgi,O14786,AAG,left_only
5jgq,O14786,6JY,left_only
5jhk,O14786,6K8,left_only
6fmc,O14786,DUE,left_only
5ikb,Q01812,KAI,left_only
5ioz,A5U9I4,6C4,left_only
5irr,A8IYS5,GSP,left_only
5j7w,Q834R3,MTX,left_only
5jhb,P48736,6K5,left_only
5jox,A7LXT8,EDG,left_only
5jsg,Q9Y657,6P9,left_only
5jsj,Q9Y657,6PD,left_only
6qpl,Q9Y657,JC5,left_only
5jsq,Q07010,6MS,left_only
5k8s,Q7KQK0,CMP,left_only
5kat,A0A0H3JRN6,P4P,left_only
5kcb,A0A0H3JRN6,ET,left_only
5kax,Q8KFZ1,RHQ,left_only
5km9,Q9BX68,ADN,left_only
5ko1,Q8NB16,6UY,left_only
5ko5,A0A0U3AGT1,CYT,left_only
5kqx,C8BD48,ROC,left_only
5kqy,C8BD48,017,left_only
5kr0,C8BD48,478,left_only
5kr1,V5YAB1,017,left_only
5kr2,V5YAB1,ROC,left_only
5l2s,Q00534,6ZV,left_only
5l8a,Q8IEW2,6RB,left_only
5l9o,Q7D447,GOP,left_only
5lom,Q7D447,SNW,left_only
5ldm,A0A140NFI1,2AM,left_only
5ldp,A0A140NFI1,ATP,left_only
5lne,A0A0H2V7F6,2-mer,left_only
5lso,Q96I25,6-mer,left_only
5lud,P62937,76X,left_only
5t9u,P62937,7HG,left_only
5t9w,P62937,78E,left_only
5t9z,P62937,78R,left_only
5ta2,P62937,78X,left_only
5ta4,P62937,838,left_only
6gji,P62937,F1E,left_only
6gjj,P62937,L36,left_only
6gjl,P62937,F1Q,left_only
6gjm,P62937,L36,left_only
6gjn,P62937,F0Q,left_only
6gjr,P62937,F0W,left_only
5lz4,Q13093,7BW,left_only
5lz5,Q13093,7K4,left_only
5lz7,Q13093,7BK,left_only
5m04,P42641,GDP,left_only
5m28,B0L7B0,MLR,left_only
5m7s,O60502,NHT,left_only
5m7u,O60502,XHA,left_only
5mek,Q9C9C9,A3P,left_only
5mgj,Q9UIF9,7MX,left_only
5mgk,Q9UIF9,7MW,left_only
6fgg,Q9UIF9,D9B,left_only
5mlj,Q92830,9ST,left_only
6j3p,Q92830,B8O,left_only
5my8,Q96SB4,RXZ,left_only
5mz8,A9SS48,SIN,left_only
5n17,Q5A4W8,8FK,left_only
5n18,Q5A4W8,8HZ,left_only
5n1z,P41182,8GQ,left_only
6cq1,P41182,F8J,left_only
5n9r,Q93009,8RN,left_only
5ngz,Q9NPD8,2BG,left_only
5nn5,P10253,NOJ,left_only
5nn6,P10253,MIG,left_only
5o58,Q9X1T1,2-mer,left_only
5o9o,Q06135,9PB,left_only
5o9p,Q06135,9P8,left_only
5o9q,Q06135,9PH,left_only
5o9r,Q06135,9PK,left_only
5o9y,Q06135,9PN,left_only
5oa2,Q06135,9PW,left_only
5oa6,Q06135,9PT,left_only
5oei,Q6N193,OOG,left_only
5oku,Q6N193,0L1,left_only
5ovr,P54829,AXK,left_only
5ovx,P54829,AY5,left_only
5oxk,Q5M4H8,2-mer,left_only
5qa8,Q6XEC0,JSX,left_only
5qal,Q6XEC0,TVZ,left_only
5qay,Q6XEC0,X6P,left_only
5sym,O75608,71Q,left_only
5t8o,Q9WUL6,76Z,left_only
5t8p,Q9WUL6,774,left_only
5tef,Q8TEQ6,GTG,left_only
5tkj,P04578,8-mer,left_only
5tkk,P04578,8-mer,left_only
6mqe,P04578,8-mer,left_only
6mqc,P04578,8-mer,left_only
5tpx,Q8IB67,7H7,left_only
5twj,P0A8I8,SAM,left_only
5uc4,P08238,83S,left_only
5ucj,P08238,KU3,left_only
5umx,A0A125SA29,RBF,left_only
5umy,A0A125SA29,TNN,left_only
6bbx,A0A125SA29,D77,left_only
5uxf,Q8VC28,2BA,left_only
5var,O75164,92Y,left_only
5vc3,P30291,DB8,left_only
5vc4,P30291,XZN,left_only
5vd2,P30291,34W,left_only
5vcv,Q99640,1N1,left_only
5vcw,Q99640,93J,left_only
5vcy,Q99640,DB8,left_only
5vcz,Q99640,XZN,left_only
5vd0,Q99640,8X7,left_only
5vd1,Q99640,P48,left_only
5vd3,Q99640,H8H,left_only
5vja,O43293,DUK,left_only
5vr8,O60701,UDX,left_only
5vsj,Q9L1K2,9HV,left_only
5w1e,Q9Z4X2,PHB,left_only
5wbm,P50053,A4G,left_only
5wbo,P50053,A1Y,left_only
5wl0,Q67296,21G,left_only
5wp5,Q944H0,SAH,left_only
5xmx,Q03181,89L,left_only
5xo7,A0A0D2ILK1,36J,left_only
5z7j,A0A0D2ILK1,36J,left_only
5xpi,Q96T88,8C3,left_only
5yas,P52704,FAC,left_only
5yh8,Q2FVE7,8UX,left_only
5yhe,Q2FVE7,8UX,left_only
5yhg,Q2FVE7,8UX,left_only
5yj8,Q9H7E2,8W9,left_only
5yyf,P42568,7-mer,left_only
5yz2,P0AE78,AMP,left_only
5z7b,Q8NN31,VNL,left_only
5z99,Q7VL18,SLB,left_only
5zkc,P08172,3C0,left_only
6ayo,Q0PC20,C1Y,left_only
6ayq,Q0PC20,TDI,left_only
6ayr,Q0PC20,BIG,left_only
6ays,Q0PC20,HT6,left_only
6ayt,Q0PC20,4EH,left_only
6b5q,Q96GG9,5-mer,left_only
6b7a,P0A6I6,CWM,left_only
6b7b,P0A6I6,CWJ,left_only
6chp,P0A6I6,F0Y,left_only
6ckw,P0A6I6,F6D,left_only
6bdy,P13009,SFG,left_only
6bm5,P13009,SAM,left_only
6bm6,P13009,SAH,left_only
6ixd,Q5RZ08,B0F,left_only
6cdo,Q2N0S5,8-mer,left_only
6cdp,Q2N0S5,8-mer,left_only
6cwh,C1JZ07,6LA,left_only
6cwn,C1JZ07,6LA,left_only
6dh1,Q7ZCI0,K13,left_only
6dh2,Q7ZCI0,A60,left_only
6dh6,Q7ZCR0,017,left_only
6dh7,Q7ZCR0,K13,left_only
6dh8,Q7ZCR0,A60,left_only
6edr,P28907,ZNA,left_only
6eif,Q13627,B5T,left_only
6eij,Q13627,B5Z,left_only
6eiq,Q13627,B6Z,left_only
6eir,Q13627,B6H,left_only
6eis,Q13627,B6N,left_only
6ep4,P06276,DME,left_only
6eqp,P06276,BUW,left_only
6epz,A0A083ZM57,MLB,left_only
6euw,Q2LG68,BYB,left_only
6eux,Q5V8X3,BYB,left_only
6evn,O15460,9-mer,left_only
6exs,A0A657M1C3,C3H,left_only
6f05,O80852,GTS,left_only
6f9g,Q88NI1,PUT,left_only
6faa,G0SEG4,ADP,left_only
6fba,O15804,D48,left_only
6fni,P54760,DXH,left_only
6fnj,P54760,DWT,left_only
6g0z,A0A0H2XK72,GDP,left_only
6g14,A0A0H2XK72,G4P,left_only
6g34,Q8TF76,5ID,left_only
6g37,Q8TF76,FTU,left_only
6g38,Q8TF76,TBN,left_only
6g3a,Q8TF76,5ID,left_only
6g9i,Q05320,CXX,left_only
6gnm,Q9PTT3,27M,left_only
6gnp,Q9PTT3,F4Z,left_only
6gnr,Q9PTT3,6J3,left_only
6gnw,Q9PTT3,F52,left_only
6gon,Q9PTT3,8PF,left_only
6gvz,J9XXB7,CHO,left_only
6gw4,A0ZNP3,CHO,left_only
6gwr,Q08345,FEW,left_only
6gzd,P48729,LCI,left_only
6gzm,P48730,LCI,left_only
6h1u,P96257,ASP,left_only
6h2t,P96257,GLU,left_only
6h8s,P54830,FWB,left_only
6hai,Q8KRS7,FWW,left_only
6hke,Q6N446,MLT,left_only
6hpw,Q03111,GKT,left_only
6ht1,Q03111,GQ5,left_only
6t1i,Q03111,M7W,left_only
6t1j,Q03111,M7T,left_only
6t1l,Q03111,M7N,left_only
6t1m,Q03111,M8K,left_only
6t1n,Q03111,M7Z,left_only
6t1o,Q03111,M82,left_only
6mjf,A0A452CSY8,SAH,left_only
6rih,O43175,K4T,left_only
6plf,O43175,ONV,left_only
6r9x,P30405,JW2,left_only
6r9u,P30405,JVQ,left_only
6r8w,P30405,JVH,left_only
6r8o,P30405,JV2,left_only
6r8l,P30405,JUZ,left_only
6r4k,P22073,JSK,left_only
6qr9,B1MDI3,JEE,left_only
6qr7,B1MDI3,JEK,left_only
6qr4,B1MDI3,JD8,left_only
6qr3,B1MDI3,JE8,left_only
6qr2,B1MDI3,JQB,left_only
6qr1,B1MDI3,JFT,left_only
6qr0,B1MDI3,JFB,left_only
6qqz,B1MDI3,JEB,left_only
6qqw,B1MDI3,JDQ,left_only
6qqv,B1MDI3,JEW,left_only
6qqu,B1MDI3,JF8,left_only
6qqq,B1MDI3,JDE,left_only
6qrc,B1MDI3,JFE,left_only
6qe5,P37634,SAH,left_only
6qe0,P37634,HZ2,left_only
6qau,Q8IYT8,1FV,left_only
6py0,P04918,RTL,left_only
6pvz,P0AEG4,OZM,left_only
6poi,P0AEG4,OVS,left_only
6pve,P40261,OZP,left_only
6orr,P40261,N37,left_only
6pu3,A0A3Q9Y393,4-mer,left_only
6ppy,H2VFG5,OVY,left_only
6pi6,Q936X6,OKM,left_only
6pi5,Q936X6,GUN,left_only
6phx,A0A0H2URQ6,3-mer,left_only
6p9e,Q9NZH8,O6D,left_only
6p3v,P9WFK7,NRV,left_only
6p3t,P9WFK7,NRS,left_only
6ooy,P01375,A7M,left_only
6om8,Q19905,UDX,left_only
6oja,Q9JPG4,MET,left_only
6o95,Q9NWZ3,LSV,left_only
6o94,Q9NWZ3,LRS,left_only
6o5a,I7BFC3,2NC,left_only
6o5u,Q47030,KAN,left_only
6np5,Q47030,9CS,left_only
6np4,Q47030,TOY,left_only
6np3,Q47030,LLL,left_only
6np2,Q47030,SIS,left_only
6nyv,Q8I0P1,LBD,left_only
6ny0,P00383,LBA,left_only
6nxz,P00383,D49,left_only
6nwl,Q9UBK2,HCY,left_only
6nwk,Q9UBK2,DEX,left_only
6nfy,Q92918,B49,left_only
6ndl,Q2G258,BQX,left_only
6nco,P02649,KQP,left_only
6ncn,P02649,KJM,left_only
6mlp,P02911,ARG,left_only
6mlo,P02911,ARG,left_only
6mln,P02911,ARG,left_only
6mlj,P02911,ARG,left_only
6mli,P02911,ARG,left_only
6mle,P02911,ARG,left_only
6ml9,P02911,ARG,left_only
6mla,P02911,ARG,left_only
6mkw,P02911,HIS,left_only
6mku,P02911,ARG,left_only
6md8,Q9L5C7,J84,left_only
6kjd,B6H6L7,LVA,left_only
6k3l,A0A226BA59,3NG,left_only
6jtc,B2RID1,C8O,left_only
6jof,P9WFY7,BWR,left_only
5zhl,P9WFY7,9D0,left_only
6jfk,O95140,GDP,left_only
6jdi,G3XCV0,AGS,left_only
6j7e,G3XCV0,AGS,left_only
6jbe,Q5SLD7,GLC,left_only
6jbb,Q5SLD7,SUC,left_only
6jb4,Q5SLD7,MAL,left_only
6jb0,Q5SLD7,TRE,left_only
6jaq,Q5SLD7,GLC,left_only
6jap,Q5SLD7,SUC,left_only
6jao,Q5SLD7,PAL,left_only
6jan,Q5SLD7,MAL,left_only
6jam,Q5SLD7,TRE,left_only
6jag,Q5SLD7,TRE,left_only
6jad,Q5SLD7,GLC,left_only
6j9y,Q5SLD7,MAL,left_only
6j9w,Q5SLD7,TRE,left_only
6jay,A0A221ZS22,JUK,left_only
6jaw,A0A221ZS22,BBO,left_only
6jav,A0A221ZS22,BC0,left_only
6j72,I7FE16,GTP,left_only
6j0o,Q9Y5P4,XAF,left_only
6if0,Q9Y5P4,A59,left_only
6iez,Q9Y5P4,A50,left_only
5zym,Q9Y5P4,9M6,left_only
5zyl,Q9Y5P4,9MC,left_only
5zyg,Q9Y5P4,9N3,left_only
6j0g,O00478,H6P,left_only
6im4,O64094,6-mer,left_only
5zw6,O64094,6-mer,left_only
6ift,P37468,SAM,left_only
6idb,R4NN21,3-mer,left_only
6i18,Q16658,H0N,left_only
6i17,Q16658,GZW,left_only
6i14,Q16658,GZN,left_only
6i13,Q16658,H0Q,left_only
6i12,Q16658,H08,left_only
6i11,Q16658,H0H,left_only
6i0z,Q16658,GZQ,left_only
6hni,Q18A65,TYR,left_only
6hm1,A8GFD6,AO3,left_only
6hgs,P07741,5GP,left_only
6hgr,P07741,IMP,left_only
6gxg,O77404,FFN,left_only
6g2o,Q9BZ95,EJE,left_only
6g2f,Q9BZ95,EHW,left_only
6g2e,Q9BZ95,EHH,left_only
6g2c,Q9BZ95,EHT,left_only
6g2b,Q9BZ95,EH8,left_only
6g29,Q9BZ95,EHK,left_only
6g27,Q9BZ95,EHE,left_only
6g25,Q9BZ95,EHQ,left_only
6g24,Q9BZ95,EH2,left_only
6ftf,Q4DSV5,7CI,left_only
6fh3,P0DMM5,RPI,left_only
6dzx,C6S9R8,MED,left_only
6dys,A4GK78,HJ1,left_only
6dyr,A4GK78,HJD,left_only
6dsp,U5MRH9,PAV,left_only
6det,S3MDF0,ARG,left_only
6d19,Q9F663,YKG,left_only
6d18,Q9F663,GTV,left_only
6d17,Q9F663,VKE,left_only
6d16,Q9F663,FUJ,left_only
6d15,Q9F663,TWB,left_only
6mll,Q9F663,N1G,left_only
6czf,P0AG16,G4P,left_only
6cjs,P46598,2GJ,left_only
6cjr,P46598,E0G,left_only
6c85,C5GC63,PLQ,left_only
6as8,Q1RBS0,BTG,left_only
6aro,Q1RBS0,BS7,left_only
6arn,Q1RBS0,BQY,left_only
6aox,Q1RBS0,TF0,left_only
6arm,Q1RBS0,145,left_only
6ajr,A0QP43,URA,left_only
6abx,A4YGX6,FLC,left_only
6a87,A0A384E107,2-mer,left_only
5zvw,P0DOE3,6-mer,left_only
5zni,Q8T9Z7,YMZ,left_only
5znc,Q8T9Z7,QI9,left_only
5zg1,P42262,9C0,left_only
5zdb,Q9RZM4,AR6,left_only
5ymx,Q1DB04,GDP,left_only
5vh0,Q54436,8P0,left_only
5ogb,P29373,9U5,left_only
6qas,O75385,34W,left_only
6ssy,Q47537,P7I,left_only
6st0,Q47537,LUQ,left_only
6stl,Q47537,TAU,left_only
6ueg,A6V1E4,Q5G,left_only
